{"type":"FeatureCollection","features":[{"type":"Feature","geometry":{"type":"LineString","coordinates":[[66.54,86.65],[66.3,86.61]]},"properties":{"LABEL":"Transform Boundary"}},{"type":"Feature","geometry":{"type":"LineString","coordinates":[[46.06,86.6],[61.51,86.81],[66.54,86.65]]},"properties":{"LABEL":"Divergent Boundary"}},{"type":"Feature","geometry":{"type":"LineString","coordinates":[[46.31,86.56],[46.06,86.6]]},"properties":{"LABEL":"Transform Boundary"}},{"type":"Feature","geometry":{"type":"LineString","coordinates":[[66.3,86.61],[70.09,86.4]]},"properties":{"LABEL":"Divergent Boundary"}},{"type":"Feature","geometry":{"type":"LineString","coordinates":[[9.81,84.96],[21.34,85.8],[29.23,85.81],[38.3,86.29],[46.31,86.56]]},"properties":{"LABEL":"Divergent Boundary"}},{"type":"Feature","geometry":{"type":"LineString","coordinates":[[8.94,85.01],[9.81,84.96]]},"properties":{"LABEL":"Transform Boundary"}},{"type":"Feature","geometry":{"type":"LineString","coordinates":[[4.51,84.57],[8.94,85.01]]},"properties":{"LABEL":"Divergent Boundary"}},{"type":"Feature","geometry":{"type":"LineString","coordinates":[[4.03,84.6],[4.51,84.57]]},"properties":{"LABEL":"Transform Boundary"}},{"type":"Feature","geometry":{"type":"LineString","coordinates":[[-7.21,82.87],[-0.47,84.0],[4.03,84.6]]},"properties":{"LABEL":"Divergent Boundary"}},{"type":"Feature","geometry":{"type":"LineString","coordinates":[[-5.86,82.69],[-7.21,82.87]]},"properties":{"LABEL":"Transform Boundary"}},{"type":"Feature","geometry":{"type":"LineString","coordinates":[[-5.01,82.52],[-5.86,82.69]]},"properties":{"LABEL":"Divergent Boundary"}},{"type":"Feature","geometry":{"type":"LineString","coordinates":[[-3.7,82.33],[-5.01,82.52]]},"properties":{"LABEL":"Transform Boundary"}},{"type":"Feature","geometry":{"type":"LineString","coordinates":[[-4.64,81.37],[-3.91,81.62],[-5.03,81.91],[-3.7,82.33]]},"properties":{"LABEL":"Divergent Boundary"}},{"type":"Feature","geometry":{"type":"LineString","coordinates":[[-2.41,81.13],[-4.64,81.37]]},"properties":{"LABEL":"Transform Boundary"}},{"type":"Feature","geometry":{"type":"LineString","coordinates":[[-3.36,80.79],[-2.41,81.13]]},"properties":{"LABEL":"Divergent Boundary"}},{"type":"Feature","geometry":{"type":"LineString","coordinates":[[-1.68,80.62],[-3.36,80.79]]},"properties":{"LABEL":"Transform Boundary"}},{"type":"Feature","geometry":{"type":"LineString","coordinates":[[-2.34,80.37],[-1.68,80.62]]},"properties":{"LABEL":"Divergent Boundary"}},{"type":"Feature","geometry":{"type":"LineString","coordinates":[[4.39,79.53],[-2.34,80.37]]},"properties":{"LABEL":"Transform Boundary"}},{"type":"Feature","geometry":{"type":"LineString","coordinates":[[3.43,79.03],[4.39,79.53]]},"properties":{"LABEL":"Divergent Boundary"}},{"type":"Feature","geometry":{"type":"LineString","coordinates":[[7.78,78.24],[3.43,79.03]]},"properties":{"LABEL":"Transform Boundary"}},{"type":"Feature","geometry":{"type":"LineString","coordinates":[[70.09,86.4],[70.93,86.2],[78.4,85.77],[99.44,84.91],[108.94,84.19],[111.97,83.82],[115.26,83.15],[117.86,82.28],[119.27,81.99],[123.41,79.76],[125.15,78.99],[125.7,78.17]]},"properties":{"LABEL":"Divergent Boundary"}},{"type":"Feature","geometry":{"type":"LineString","coordinates":[[-3.69,71.4],[5.59,72.92],[8.84,73.63],[9.2,73.98],[9.13,74.38],[8.63,74.95],[7.6,75.73],[7.48,76.28],[7.88,77.71],[7.78,78.24]]},"properties":{"LABEL":"Divergent Boundary"}},{"type":"Feature","geometry":{"type":"LineString","coordinates":[[-4.07,71.49],[-3.69,71.4]]},"properties":{"LABEL":"Transform Boundary"}},{"type":"Feature","geometry":{"type":"LineString","coordinates":[[-4.74,71.33],[-4.07,71.49]]},"properties":{"LABEL":"Divergent Boundary"}},{"type":"Feature","geometry":{"type":"LineString","coordinates":[[-5.7,71.54],[-4.74,71.33]]},"properties":{"LABEL":"Transform Boundary"}},{"type":"Feature","geometry":{"type":"LineString","coordinates":[[-12.36,71.25],[-11.37,71.77]]},"properties":{"LABEL":"Divergent Boundary"}},{"type":"Feature","geometry":{"type":"LineString","coordinates":[[-7.38,71.13],[-5.7,71.54]]},"properties":{"LABEL":"Divergent Boundary"}},{"type":"Feature","geometry":{"type":"LineString","coordinates":[[-11.37,71.77],[-7.38,71.13]]},"properties":{"LABEL":"Transform Boundary"}},{"type":"Feature","geometry":{"type":"LineString","coordinates":[[-11.36,71.05],[-12.36,71.25]]},"properties":{"LABEL":"Transform Boundary"}},{"type":"Feature","geometry":{"type":"LineString","coordinates":[[-12.26,70.56],[-11.36,71.05]]},"properties":{"LABEL":"Divergent Boundary"}},{"type":"Feature","geometry":{"type":"LineString","coordinates":[[-13.89,70.82],[-12.26,70.56]]},"properties":{"LABEL":"Transform Boundary"}},{"type":"Feature","geometry":{"type":"LineString","coordinates":[[-14.45,70.35],[-13.89,70.82]]},"properties":{"LABEL":"Divergent Boundary"}},{"type":"Feature","geometry":{"type":"LineString","coordinates":[[-14.73,70.39],[-14.45,70.35]]},"properties":{"LABEL":"Transform Boundary"}},{"type":"Feature","geometry":{"type":"LineString","coordinates":[[-14.73,70.39],[-16.49,68.81]]},"properties":{"LABEL":"Divergent Boundary"}},{"type":"Feature","geometry":{"type":"LineString","coordinates":[[-16.49,68.81],[-17.15,68.86]]},"properties":{"LABEL":"Transform Boundary"}},{"type":"Feature","geometry":{"type":"LineString","coordinates":[[-17.15,68.86],[-18.22,68.07],[-19.1,67.06]]},"properties":{"LABEL":"Divergent Boundary"}},{"type":"Feature","geometry":{"type":"LineString","coordinates":[[125.69,78.18],[127.27,77.12],[128.95,74.96],[130.2,74.02],[134.02,71.86],[136.76,69.95],[138.34,69.14],[139.51,67.85],[141.24,66.98]]},"properties":{"LABEL":"Divergent Boundary"}},{"type":"Feature","geometry":{"type":"LineString","coordinates":[[-19.1,67.06],[-18.12,66.93]]},"properties":{"LABEL":"Transform Boundary"}},{"type":"Feature","geometry":{"type":"LineString","coordinates":[[-18.12,66.93],[-18.25,66.78]]},"properties":{"LABEL":"Divergent Boundary"}},{"type":"Feature","geometry":{"type":"LineString","coordinates":[[-18.25,66.78],[-17.47,66.68]]},"properties":{"LABEL":"Transform Boundary"}},{"type":"Feature","geometry":{"type":"LineString","coordinates":[[-17.47,66.68],[-17.72,66.36]]},"properties":{"LABEL":"Divergent Boundary"}},{"type":"Feature","geometry":{"type":"LineString","coordinates":[[-17.72,66.36],[-16.51,66.2]]},"properties":{"LABEL":"Transform Boundary"}},{"type":"Feature","geometry":{"type":"LineString","coordinates":[[-16.51,66.2],[-17.37,64.74],[-19.24,63.86]]},"properties":{"LABEL":"Divergent Boundary"}},{"type":"Feature","geometry":{"type":"LineString","coordinates":[[-19.24,63.86],[-21.3,64.07]]},"properties":{"LABEL":"Transform Boundary"}},{"type":"Feature","geometry":{"type":"LineString","coordinates":[[-21.3,64.07],[-23.06,63.65]]},"properties":{"LABEL":"Divergent Boundary"}},{"type":"Feature","geometry":{"type":"LineString","coordinates":[[-23.06,63.65],[-23.33,63.65]]},"properties":{"LABEL":"Transform Boundary"}},{"type":"Feature","geometry":{"type":"LineString","coordinates":[[-23.33,63.65],[-25.31,62.61]]},"properties":{"LABEL":"Divergent Boundary"}},{"type":"Feature","geometry":{"type":"LineString","coordinates":[[-25.31,62.61],[-25.45,62.62]]},"properties":{"LABEL":"Transform Boundary"}},{"type":"Feature","geometry":{"type":"LineString","coordinates":[[-25.45,62.62],[-28.93,60.33]]},"properties":{"LABEL":"Divergent Boundary"}},{"type":"Feature","geometry":{"type":"LineString","coordinates":[[-28.93,60.33],[-29.03,60.34]]},"properties":{"LABEL":"Transform Boundary"}},{"type":"Feature","geometry":{"type":"LineString","coordinates":[[-30.79,58.94],[-29.03,60.34]]},"properties":{"LABEL":"Divergent Boundary"}},{"type":"Feature","geometry":{"type":"LineString","coordinates":[[-30.98,58.98],[-30.79,58.94]]},"properties":{"LABEL":"Transform Boundary"}},{"type":"Feature","geometry":{"type":"LineString","coordinates":[[-31.56,58.45],[-30.98,58.98]]},"properties":{"LABEL":"Divergent Boundary"}},{"type":"Feature","geometry":{"type":"LineString","coordinates":[[-31.75,58.47],[-31.56,58.45]]},"properties":{"LABEL":"Transform Boundary"}},{"type":"Feature","geometry":{"type":"LineString","coordinates":[[-145.61,59.23],[-144.29,59.91],[-142.54,60.43],[-140.13,60.37],[-138.86,59.76],[-137.11,58.44]]},"properties":{"LABEL":"Other"}},{"type":"Feature","geometry":{"type":"LineString","coordinates":[[-32.28,58.0],[-31.75,58.47]]},"properties":{"LABEL":"Divergent Boundary"}},{"type":"Feature","geometry":{"type":"LineString","coordinates":[[-32.47,58.01],[-32.28,58.0]]},"properties":{"LABEL":"Transform Boundary"}},{"type":"Feature","geometry":{"type":"LineString","coordinates":[[-32.81,57.64],[-32.47,58.01]]},"properties":{"LABEL":"Divergent Boundary"}},{"type":"Feature","geometry":{"type":"LineString","coordinates":[[-32.92,57.67],[-32.81,57.64]]},"properties":{"LABEL":"Transform Boundary"}},{"type":"Feature","geometry":{"type":"LineString","coordinates":[[-33.2,57.28],[-32.92,57.67]]},"properties":{"LABEL":"Divergent Boundary"}},{"type":"Feature","geometry":{"type":"LineString","coordinates":[[-33.5,57.26],[-33.2,57.28]]},"properties":{"LABEL":"Transform Boundary"}},{"type":"Feature","geometry":{"type":"LineString","coordinates":[[-33.59,56.87],[-33.5,57.26]]},"properties":{"LABEL":"Divergent Boundary"}},{"type":"Feature","geometry":{"type":"LineString","coordinates":[[-33.98,56.9],[-33.59,56.87]]},"properties":{"LABEL":"Transform Boundary"}},{"type":"Feature","geometry":{"type":"LineString","coordinates":[[-34.07,56.74],[-33.98,56.9]]},"properties":{"LABEL":"Divergent Boundary"}},{"type":"Feature","geometry":{"type":"LineString","coordinates":[[-34.22,56.75],[-34.07,56.74]]},"properties":{"LABEL":"Transform Boundary"}},{"type":"Feature","geometry":{"type":"LineString","coordinates":[[-34.35,56.5],[-34.22,56.75]]},"properties":{"LABEL":"Divergent Boundary"}},{"type":"Feature","geometry":{"type":"LineString","coordinates":[[-34.44,56.5],[-34.35,56.5]]},"properties":{"LABEL":"Transform Boundary"}},{"type":"Feature","geometry":{"type":"LineString","coordinates":[[-34.64,55.81],[-34.44,56.5]]},"properties":{"LABEL":"Divergent Boundary"}},{"type":"Feature","geometry":{"type":"LineString","coordinates":[[-34.88,55.85],[-34.64,55.81]]},"properties":{"LABEL":"Transform Boundary"}},{"type":"Feature","geometry":{"type":"LineString","coordinates":[[-35.34,55.0],[-34.88,55.85]]},"properties":{"LABEL":"Divergent Boundary"}},{"type":"Feature","geometry":{"type":"LineString","coordinates":[[-35.21,54.97],[-35.34,55.0]]},"properties":{"LABEL":"Transform Boundary"}},{"type":"Feature","geometry":{"type":"LineString","coordinates":[[164.07,55.21],[165.78,54.65]]},"properties":{"LABEL":"Convergent Boundary"}},{"type":"Feature","geometry":{"type":"LineString","coordinates":[[-35.49,54.33],[-35.21,54.97]]},"properties":{"LABEL":"Divergent Boundary"}},{"type":"Feature","geometry":{"type":"LineString","coordinates":[[-35.12,54.31],[-35.49,54.33]]},"properties":{"LABEL":"Transform Boundary"}},{"type":"Feature","geometry":{"type":"LineString","coordinates":[[165.79,54.64],[166.52,54.33]]},"properties":{"LABEL":"Transform Boundary"}},{"type":"Feature","geometry":{"type":"LineString","coordinates":[[166.51,54.32],[168.16,53.57]]},"properties":{"LABEL":"Convergent Boundary"}},{"type":"Feature","geometry":{"type":"LineString","coordinates":[[-35.45,53.55],[-35.12,54.31]]},"properties":{"LABEL":"Divergent Boundary"}},{"type":"Feature","geometry":{"type":"LineString","coordinates":[[-35.25,53.51],[-35.45,53.55]]},"properties":{"LABEL":"Transform Boundary"}},{"type":"Feature","geometry":{"type":"LineString","coordinates":[[-35.33,53.24],[-35.25,53.51]]},"properties":{"LABEL":"Divergent Boundary"}},{"type":"Feature","geometry":{"type":"LineString","coordinates":[[-35.18,53.21],[-35.33,53.24]]},"properties":{"LABEL":"Transform Boundary"}},{"type":"Feature","geometry":{"type":"LineString","coordinates":[[168.16,53.59],[168.88,53.25]]},"properties":{"LABEL":"Transform Boundary"}},{"type":"Feature","geometry":{"type":"LineString","coordinates":[[-137.11,58.44],[-135.9,56.62],[-133.43,53.92]]},"properties":{"LABEL":"Transform Boundary"}},{"type":"Feature","geometry":{"type":"LineString","coordinates":[[-35.14,52.71],[-35.18,53.21]]},"properties":{"LABEL":"Divergent Boundary"}},{"type":"Feature","geometry":{"type":"LineString","coordinates":[[-34.92,52.71],[-34.88,52.7]]},"properties":{"LABEL":"Transform Boundary"}},{"type":"Feature","geometry":{"type":"LineString","coordinates":[[-34.88,52.7],[-35.14,52.71]]},"properties":{"LABEL":"Transform Boundary"}},{"type":"Feature","geometry":{"type":"LineString","coordinates":[[-31.26,52.42],[-34.92,52.71]]},"properties":{"LABEL":"Transform Boundary"}},{"type":"Feature","geometry":{"type":"LineString","coordinates":[[-132.71,53.13],[-131.59,52.26]]},"properties":{"LABEL":"Other"}},{"type":"Feature","geometry":{"type":"LineString","coordinates":[[-31.27,52.11],[-31.26,52.42]]},"properties":{"LABEL":"Divergent Boundary"}},{"type":"Feature","geometry":{"type":"LineString","coordinates":[[-30.03,52.03],[-31.27,52.11]]},"properties":{"LABEL":"Transform Boundary"}},{"type":"Feature","geometry":{"type":"LineString","coordinates":[[-131.59,52.26],[-131.18,51.89]]},"properties":{"LABEL":"Transform Boundary"}},{"type":"Feature","geometry":{"type":"LineString","coordinates":[[-131.18,51.89],[-130.85,51.61]]},"properties":{"LABEL":"Other"}},{"type":"Feature","geometry":{"type":"LineString","coordinates":[[-180.0,50.4],[-176.11,50.5],[-170.8,51.13],[-162.33,53.23],[-155.59,54.49],[-152.01,56.02],[-149.6,56.78],[-148.18,57.37],[-145.58,59.23]]},"properties":{"LABEL":"Convergent Boundary"}},{"type":"Feature","geometry":{"type":"MultiLineString","coordinates":[[[168.87,53.25],[171.86,52.06],[174.23,51.34],[178.27,50.53],[179.99,50.4]],[[-180.0,50.41],[-180.0,50.41]]]},"properties":{"LABEL":"Convergent Boundary"}},{"type":"Feature","geometry":{"type":"LineString","coordinates":[[-130.33,50.3],[-130.25,50.47],[-131.07,51.19],[-130.85,51.61]]},"properties":{"LABEL":"Divergent Boundary"}},{"type":"Feature","geometry":{"type":"LineString","coordinates":[[-130.16,50.22],[-130.33,50.3]]},"properties":{"LABEL":"Transform Boundary"}},{"type":"Feature","geometry":{"type":"LineString","coordinates":[[-28.82,49.66],[-29.02,50.15],[-29.83,50.74],[-29.98,50.99],[-30.03,52.03]]},"properties":{"LABEL":"Divergent Boundary"}},{"type":"Feature","geometry":{"type":"LineString","coordinates":[[-28.56,49.64],[-28.82,49.66]]},"properties":{"LABEL":"Transform Boundary"}},{"type":"Feature","geometry":{"type":"LineString","coordinates":[[-130.5,49.48],[-130.16,49.98],[-130.3,50.06],[-130.16,50.22]]},"properties":{"LABEL":"Divergent Boundary"}},{"type":"Feature","geometry":{"type":"LineString","coordinates":[[-128.92,48.87],[-130.5,49.48]]},"properties":{"LABEL":"Transform Boundary"}},{"type":"Feature","geometry":{"type":"LineString","coordinates":[[-28.01,48.6],[-28.56,49.64]]},"properties":{"LABEL":"Divergent Boundary"}},{"type":"Feature","geometry":{"type":"LineString","coordinates":[[-27.76,48.58],[-28.01,48.6]]},"properties":{"LABEL":"Transform Boundary"}},{"type":"Feature","geometry":{"type":"LineString","coordinates":[[-129.19,47.83],[-128.94,48.32],[-129.15,48.48],[-128.92,48.87]]},"properties":{"LABEL":"Divergent Boundary"}},{"type":"Feature","geometry":{"type":"LineString","coordinates":[[-128.94,47.73],[-129.19,47.83]]},"properties":{"LABEL":"Transform Boundary"}},{"type":"Feature","geometry":{"type":"LineString","coordinates":[[-27.46,47.66],[-27.56,47.65]]},"properties":{"LABEL":"Transform Boundary"}},{"type":"Feature","geometry":{"type":"LineString","coordinates":[[-27.56,47.65],[-27.76,48.58]]},"properties":{"LABEL":"Divergent Boundary"}},{"type":"Feature","geometry":{"type":"LineString","coordinates":[[-27.38,46.76],[-27.46,47.66]]},"properties":{"LABEL":"Divergent Boundary"}},{"type":"Feature","geometry":{"type":"LineString","coordinates":[[-27.44,46.76],[-27.38,46.76]]},"properties":{"LABEL":"Transform Boundary"}},{"type":"Feature","geometry":{"type":"LineString","coordinates":[[-129.57,46.4],[-128.94,47.73]]},"properties":{"LABEL":"Divergent Boundary"}},{"type":"Feature","geometry":{"type":"LineString","coordinates":[[-129.8,46.43],[-129.57,46.4]]},"properties":{"LABEL":"Transform Boundary"}},{"type":"Feature","geometry":{"type":"LineString","coordinates":[[-27.51,46.2],[-27.44,46.76]]},"properties":{"LABEL":"Divergent Boundary"}},{"type":"Feature","geometry":{"type":"LineString","coordinates":[[-27.57,46.21],[-27.51,46.2]]},"properties":{"LABEL":"Transform Boundary"}},{"type":"Feature","geometry":{"type":"LineString","coordinates":[[-27.6,45.98],[-27.57,46.21]]},"properties":{"LABEL":"Divergent Boundary"}},{"type":"Feature","geometry":{"type":"LineString","coordinates":[[-27.68,45.99],[-27.6,45.98]]},"properties":{"LABEL":"Transform Boundary"}},{"type":"Feature","geometry":{"type":"LineString","coordinates":[[-130.07,45.94],[-130.05,46.2],[-129.8,46.43]]},"properties":{"LABEL":"Divergent Boundary"}},{"type":"Feature","geometry":{"type":"LineString","coordinates":[[-129.87,45.9],[-130.07,45.94]]},"properties":{"LABEL":"Transform Boundary"}},{"type":"Feature","geometry":{"type":"LineString","coordinates":[[-27.7,45.88],[-27.68,45.99]]},"properties":{"LABEL":"Divergent Boundary"}},{"type":"Feature","geometry":{"type":"LineString","coordinates":[[-27.74,45.88],[-27.7,45.88]]},"properties":{"LABEL":"Transform Boundary"}},{"type":"Feature","geometry":{"type":"LineString","coordinates":[[-27.83,45.53],[-27.74,45.88]]},"properties":{"LABEL":"Divergent Boundary"}},{"type":"Feature","geometry":{"type":"LineString","coordinates":[[-27.88,45.54],[-27.83,45.53]]},"properties":{"LABEL":"Transform Boundary"}},{"type":"Feature","geometry":{"type":"LineString","coordinates":[[-27.87,45.46],[-27.88,45.54]]},"properties":{"LABEL":"Divergent Boundary"}},{"type":"Feature","geometry":{"type":"LineString","coordinates":[[-27.92,45.47],[-27.87,45.46]]},"properties":{"LABEL":"Transform Boundary"}},{"type":"Feature","geometry":{"type":"LineString","coordinates":[[-27.94,45.34],[-27.92,45.47]]},"properties":{"LABEL":"Divergent Boundary"}},{"type":"Feature","geometry":{"type":"LineString","coordinates":[[-27.97,45.34],[-27.94,45.34]]},"properties":{"LABEL":"Transform Boundary"}},{"type":"Feature","geometry":{"type":"LineString","coordinates":[[-27.99,45.1],[-27.97,45.34]]},"properties":{"LABEL":"Divergent Boundary"}},{"type":"Feature","geometry":{"type":"LineString","coordinates":[[-28.08,45.13],[-27.99,45.1]]},"properties":{"LABEL":"Transform Boundary"}},{"type":"Feature","geometry":{"type":"LineString","coordinates":[[-28.16,44.92],[-28.08,45.13]]},"properties":{"LABEL":"Divergent Boundary"}},{"type":"Feature","geometry":{"type":"LineString","coordinates":[[-28.11,44.91],[-28.16,44.92]]},"properties":{"LABEL":"Transform Boundary"}},{"type":"Feature","geometry":{"type":"LineString","coordinates":[[-130.48,44.59],[-130.07,45.28],[-130.19,45.41],[-129.87,45.9]]},"properties":{"LABEL":"Divergent Boundary"}},{"type":"Feature","geometry":{"type":"LineString","coordinates":[[-28.37,44.18],[-28.11,44.91]]},"properties":{"LABEL":"Divergent Boundary"}},{"type":"Feature","geometry":{"type":"LineString","coordinates":[[-28.43,44.2],[-28.37,44.18]]},"properties":{"LABEL":"Transform Boundary"}},{"type":"Feature","geometry":{"type":"LineString","coordinates":[[-28.52,43.77],[-28.43,44.2]]},"properties":{"LABEL":"Divergent Boundary"}},{"type":"Feature","geometry":{"type":"LineString","coordinates":[[-28.8,43.77],[-28.52,43.77]]},"properties":{"LABEL":"Transform Boundary"}},{"type":"Feature","geometry":{"type":"LineString","coordinates":[[-29.17,43.08],[-28.8,43.77]]},"properties":{"LABEL":"Divergent Boundary"}},{"type":"Feature","geometry":{"type":"LineString","coordinates":[[-29.32,43.08],[-29.17,43.08]]},"properties":{"LABEL":"Transform Boundary"}},{"type":"Feature","geometry":{"type":"LineString","coordinates":[[-126.63,43.01],[-130.48,44.59]]},"properties":{"LABEL":"Transform Boundary"}},{"type":"Feature","geometry":{"type":"LineString","coordinates":[[-29.37,42.72],[-29.32,43.08]]},"properties":{"LABEL":"Divergent Boundary"}},{"type":"Feature","geometry":{"type":"LineString","coordinates":[[-29.32,42.72],[-29.37,42.72]]},"properties":{"LABEL":"Transform Boundary"}},{"type":"Feature","geometry":{"type":"LineString","coordinates":[[-29.43,42.29],[-29.32,42.72]]},"properties":{"LABEL":"Divergent Boundary"}},{"type":"Feature","geometry":{"type":"LineString","coordinates":[[-29.22,42.29],[-29.43,42.29]]},"properties":{"LABEL":"Transform Boundary"}},{"type":"Feature","geometry":{"type":"LineString","coordinates":[[-29.26,41.93],[-29.22,42.29]]},"properties":{"LABEL":"Divergent Boundary"}},{"type":"Feature","geometry":{"type":"LineString","coordinates":[[-29.16,41.91],[-29.26,41.93]]},"properties":{"LABEL":"Transform Boundary"}},{"type":"Feature","geometry":{"type":"LineString","coordinates":[[-127.45,41.56],[-127.24,41.69],[-127.04,42.36],[-126.63,43.01]]},"properties":{"LABEL":"Divergent Boundary"}},{"type":"Feature","geometry":{"type":"LineString","coordinates":[[-127.56,41.59],[-127.45,41.56]]},"properties":{"LABEL":"Transform Boundary"}},{"type":"Feature","geometry":{"type":"LineString","coordinates":[[-29.32,41.25],[-29.16,41.91]]},"properties":{"LABEL":"Divergent Boundary"}},{"type":"Feature","geometry":{"type":"LineString","coordinates":[[-29.23,41.22],[-29.32,41.25]]},"properties":{"LABEL":"Transform Boundary"}},{"type":"Feature","geometry":{"type":"LineString","coordinates":[[-127.72,40.57],[-127.56,41.59]]},"properties":{"LABEL":"Divergent Boundary"}},{"type":"Feature","geometry":{"type":"LineString","coordinates":[[-29.35,40.57],[-29.23,41.22]]},"properties":{"LABEL":"Divergent Boundary"}},{"type":"Feature","geometry":{"type":"LineString","coordinates":[[-29.56,40.6],[-29.35,40.57]]},"properties":{"LABEL":"Transform Boundary"}},{"type":"Feature","geometry":{"type":"LineString","coordinates":[[-127.58,40.54],[-127.72,40.57]]},"properties":{"LABEL":"Transform Boundary"}},{"type":"Feature","geometry":{"type":"LineString","coordinates":[[-127.58,40.45],[-127.58,40.54]]},"properties":{"LABEL":"Divergent Boundary"}},{"type":"Feature","geometry":{"type":"LineString","coordinates":[[-130.85,51.61],[-128.03,49.78],[-127.85,49.49],[-127.82,49.08],[-126.73,48.29],[-126.08,47.35],[-125.43,45.1],[-125.36,44.07],[-125.47,43.43],[-125.2,42.49],[-125.33,42.14],[-125.31,41.65],[-124.78,40.38]]},"properties":{"LABEL":"Convergent Boundary"}},{"type":"Feature","geometry":{"type":"LineString","coordinates":[[-29.66,40.11],[-29.56,40.6]]},"properties":{"LABEL":"Divergent Boundary"}},{"type":"Feature","geometry":{"type":"LineString","coordinates":[[-29.59,40.11],[-29.66,40.11]]},"properties":{"LABEL":"Transform Boundary"}},{"type":"Feature","geometry":{"type":"LineString","coordinates":[[-29.77,39.4],[-29.59,40.11]]},"properties":{"LABEL":"Divergent Boundary"}},{"type":"Feature","geometry":{"type":"LineString","coordinates":[[-29.26,39.25],[-28.9,39.41]]},"properties":{"LABEL":"Transform Boundary"}},{"type":"Feature","geometry":{"type":"LineString","coordinates":[[-29.77,39.4],[-29.26,39.25]]},"properties":{"LABEL":"Divergent Boundary"}},{"type":"Feature","geometry":{"type":"LineString","coordinates":[[-28.62,39.12],[-28.48,39.16]]},"properties":{"LABEL":"Transform Boundary"}},{"type":"Feature","geometry":{"type":"LineString","coordinates":[[-28.9,39.41],[-28.62,39.12]]},"properties":{"LABEL":"Divergent Boundary"}},{"type":"Feature","geometry":{"type":"LineString","coordinates":[[-28.29,38.94],[-27.95,39.0]]},"properties":{"LABEL":"Transform Boundary"}},{"type":"Feature","geometry":{"type":"LineString","coordinates":[[-28.48,39.16],[-28.29,38.94]]},"properties":{"LABEL":"Divergent Boundary"}},{"type":"Feature","geometry":{"type":"LineString","coordinates":[[41.0,39.08],[41.03,38.85]]},"properties":{"LABEL":"Transform Boundary"}},{"type":"Feature","geometry":{"type":"LineString","coordinates":[[-30.43,38.39],[-29.91,39.39],[-29.77,39.4]]},"properties":{"LABEL":"Divergent Boundary"}},{"type":"Feature","geometry":{"type":"LineString","coordinates":[[-30.6,38.4],[-30.43,38.39]]},"properties":{"LABEL":"Transform Boundary"}},{"type":"Feature","geometry":{"type":"LineString","coordinates":[[-26.83,38.28],[-26.72,38.42]]},"properties":{"LABEL":"Other"}},{"type":"Feature","geometry":{"type":"LineString","coordinates":[[-27.95,39.0],[-27.24,38.78],[-26.83,38.28]]},"properties":{"LABEL":"Divergent Boundary"}},{"type":"Feature","geometry":{"type":"LineString","coordinates":[[-25.92,37.84],[-25.81,37.88]]},"properties":{"LABEL":"Transform Boundary"}},{"type":"Feature","geometry":{"type":"LineString","coordinates":[[-26.72,38.42],[-25.92,37.84]]},"properties":{"LABEL":"Divergent Boundary"}},{"type":"Feature","geometry":{"type":"LineString","coordinates":[[-25.63,37.72],[-25.54,37.82]]},"properties":{"LABEL":"Other"}},{"type":"Feature","geometry":{"type":"LineString","coordinates":[[-25.81,37.88],[-25.63,37.72]]},"properties":{"LABEL":"Divergent Boundary"}},{"type":"Feature","geometry":{"type":"LineString","coordinates":[[-31.07,37.68],[-30.6,38.4]]},"properties":{"LABEL":"Divergent Boundary"}},{"type":"Feature","geometry":{"type":"LineString","coordinates":[[-31.37,37.71],[-31.07,37.68]]},"properties":{"LABEL":"Transform Boundary"}},{"type":"Feature","geometry":{"type":"LineString","coordinates":[[-25.35,37.66],[-25.27,37.77]]},"properties":{"LABEL":"Other"}},{"type":"Feature","geometry":{"type":"LineString","coordinates":[[-25.54,37.82],[-25.35,37.66]]},"properties":{"LABEL":"Divergent Boundary"}},{"type":"Feature","geometry":{"type":"LineString","coordinates":[[-25.27,37.77],[-25.1,37.65]]},"properties":{"LABEL":"Divergent Boundary"}},{"type":"Feature","geometry":{"type":"LineString","coordinates":[[-25.1,37.65],[-24.98,37.64]]},"properties":{"LABEL":"Transform Boundary"}},{"type":"Feature","geometry":{"type":"LineString","coordinates":[[-31.52,37.28],[-31.37,37.71]]},"properties":{"LABEL":"Divergent Boundary"}},{"type":"Feature","geometry":{"type":"LineString","coordinates":[[-32.28,37.39],[-31.52,37.28]]},"properties":{"LABEL":"Transform Boundary"}},{"type":"Feature","geometry":{"type":"LineString","coordinates":[[-18.12,37.47],[-16.74,37.44],[-15.39,37.21]]},"properties":{"LABEL":"Transform Boundary"}},{"type":"Feature","geometry":{"type":"LineString","coordinates":[[-32.4,37.14],[-32.28,37.39]]},"properties":{"LABEL":"Divergent Boundary"}},{"type":"Feature","geometry":{"type":"LineString","coordinates":[[-32.65,37.18],[-32.4,37.14]]},"properties":{"LABEL":"Transform Boundary"}},{"type":"Feature","geometry":{"type":"LineString","coordinates":[[41.03,38.85],[41.24,38.62],[42.8,37.99],[44.02,37.1]]},"properties":{"LABEL":"Other"}},{"type":"Feature","geometry":{"type":"LineString","coordinates":[[-32.71,37.03],[-32.65,37.18]]},"properties":{"LABEL":"Divergent Boundary"}},{"type":"Feature","geometry":{"type":"LineString","coordinates":[[-32.94,37.06],[-32.71,37.03]]},"properties":{"LABEL":"Transform Boundary"}},{"type":"Feature","geometry":{"type":"LineString","coordinates":[[-19.68,37.03],[-18.12,37.47]]},"properties":{"LABEL":"Other"}},{"type":"Feature","geometry":{"type":"LineString","coordinates":[[-15.14,37.02],[-13.68,37.4]]},"properties":{"LABEL":"Other"}},{"type":"Feature","geometry":{"type":"LineString","coordinates":[[-15.39,37.21],[-15.14,37.02]]},"properties":{"LABEL":"Divergent Boundary"}},{"type":"Feature","geometry":{"type":"LineString","coordinates":[[-33.01,36.92],[-32.94,37.06]]},"properties":{"LABEL":"Divergent Boundary"}},{"type":"Feature","geometry":{"type":"LineString","coordinates":[[-33.22,36.94],[-33.01,36.92]]},"properties":{"LABEL":"Transform Boundary"}},{"type":"Feature","geometry":{"type":"LineString","coordinates":[[-24.25,36.78],[-24.15,36.79]]},"properties":{"LABEL":"Transform Boundary"}},{"type":"Feature","geometry":{"type":"LineString","coordinates":[[-24.98,37.64],[-24.67,37.41],[-24.68,37.13],[-24.25,36.78]]},"properties":{"LABEL":"Divergent Boundary"}},{"type":"Feature","geometry":{"type":"LineString","coordinates":[[36.47,36.73],[36.79,37.4]]},"properties":{"LABEL":"Transform Boundary"}},{"type":"Feature","geometry":{"type":"LineString","coordinates":[[-33.31,36.69],[-33.22,36.94]]},"properties":{"LABEL":"Divergent Boundary"}},{"type":"Feature","geometry":{"type":"LineString","coordinates":[[-33.6,36.74],[-33.31,36.69]]},"properties":{"LABEL":"Transform Boundary"}},{"type":"Feature","geometry":{"type":"LineString","coordinates":[[-23.57,36.65],[-19.68,37.03]]},"properties":{"LABEL":"Transform Boundary"}},{"type":"Feature","geometry":{"type":"LineString","coordinates":[[-24.15,36.79],[-23.57,36.65]]},"properties":{"LABEL":"Divergent Boundary"}},{"type":"Feature","geometry":{"type":"LineString","coordinates":[[-33.77,36.19],[-33.6,36.74]]},"properties":{"LABEL":"Divergent Boundary"}},{"type":"Feature","geometry":{"type":"LineString","coordinates":[[-33.98,36.22],[-33.77,36.19]]},"properties":{"LABEL":"Transform Boundary"}},{"type":"Feature","geometry":{"type":"LineString","coordinates":[[-34.06,36.07],[-33.98,36.22]]},"properties":{"LABEL":"Divergent Boundary"}},{"type":"Feature","geometry":{"type":"LineString","coordinates":[[-34.14,36.08],[-34.06,36.07]]},"properties":{"LABEL":"Transform Boundary"}},{"type":"Feature","geometry":{"type":"LineString","coordinates":[[-9.98,36.65],[-8.48,35.84],[-6.9,36.39]]},"properties":{"LABEL":"Transform Boundary"}},{"type":"Feature","geometry":{"type":"LineString","coordinates":[[36.41,36.02],[36.47,36.73]]},"properties":{"LABEL":"Divergent Boundary"}},{"type":"Feature","geometry":{"type":"LineString","coordinates":[[-11.59,35.85],[-9.98,36.65]]},"properties":{"LABEL":"Other"}},{"type":"Feature","geometry":{"type":"LineString","coordinates":[[-13.68,37.4],[-11.59,35.85]]},"properties":{"LABEL":"Transform Boundary"}},{"type":"Feature","geometry":{"type":"LineString","coordinates":[[-34.33,35.62],[-34.14,36.08]]},"properties":{"LABEL":"Divergent Boundary"}},{"type":"Feature","geometry":{"type":"LineString","coordinates":[[-34.46,35.62],[-34.33,35.62]]},"properties":{"LABEL":"Transform Boundary"}},{"type":"Feature","geometry":{"type":"LineString","coordinates":[[138.67,35.03],[139.23,35.01]]},"properties":{"LABEL":"Other"}},{"type":"Feature","geometry":{"type":"LineString","coordinates":[[-34.75,35.01],[-34.46,35.62]]},"properties":{"LABEL":"Divergent Boundary"}},{"type":"Feature","geometry":{"type":"LineString","coordinates":[[-36.37,35.28],[-34.75,35.01]]},"properties":{"LABEL":"Transform Boundary"}},{"type":"Feature","geometry":{"type":"LineString","coordinates":[[139.23,35.01],[139.43,34.86]]},"properties":{"LABEL":"Transform Boundary"}},{"type":"Feature","geometry":{"type":"LineString","coordinates":[[139.43,34.86],[139.92,34.71]]},"properties":{"LABEL":"Other"}},{"type":"Feature","geometry":{"type":"LineString","coordinates":[[-36.62,34.69],[-36.37,35.28]]},"properties":{"LABEL":"Divergent Boundary"}},{"type":"Feature","geometry":{"type":"LineString","coordinates":[[-36.78,34.71],[-36.62,34.69]]},"properties":{"LABEL":"Transform Boundary"}},{"type":"Feature","geometry":{"type":"LineString","coordinates":[[44.02,37.1],[44.36,36.57]]},"properties":{"LABEL":"Transform Boundary"}},{"type":"Feature","geometry":{"type":"LineString","coordinates":[[-36.86,34.55],[-36.78,34.71]]},"properties":{"LABEL":"Divergent Boundary"}},{"type":"Feature","geometry":{"type":"LineString","coordinates":[[-37.05,34.57],[-36.86,34.55]]},"properties":{"LABEL":"Transform Boundary"}},{"type":"Feature","geometry":{"type":"LineString","coordinates":[[139.92,34.71],[140.87,34.53]]},"properties":{"LABEL":"Other"}},{"type":"Feature","geometry":{"type":"LineString","coordinates":[[140.87,34.53],[141.1,34.44]]},"properties":{"LABEL":"Transform Boundary"}},{"type":"Feature","geometry":{"type":"LineString","coordinates":[[29.73,35.43],[30.22,35.15],[32.79,34.33]]},"properties":{"LABEL":"Convergent Boundary"}},{"type":"Feature","geometry":{"type":"LineString","coordinates":[[141.88,34.21],[142.22,35.33],[142.61,36.0],[143.41,36.86],[143.95,37.94],[144.28,40.07],[144.74,40.99],[145.5,41.55],[146.98,42.21],[149.32,43.66],[152.3,45.12],[153.53,45.9],[156.35,48.18],[159.04,49.98],[161.45,52.11],[163.02,53.72],[164.07,55.21]]},"properties":{"LABEL":"Convergent Boundary"}},{"type":"Feature","geometry":{"type":"LineString","coordinates":[[141.1,34.44],[141.88,34.21]]},"properties":{"LABEL":"Other"}},{"type":"Feature","geometry":{"type":"LineString","coordinates":[[18.92,37.45],[19.35,35.67],[20.18,34.82],[21.51,34.3],[23.81,33.8],[25.06,33.75],[26.17,34.0]]},"properties":{"LABEL":"Convergent Boundary"}},{"type":"Feature","geometry":{"type":"LineString","coordinates":[[-37.24,34.12],[-37.05,34.57]]},"properties":{"LABEL":"Divergent Boundary"}},{"type":"Feature","geometry":{"type":"LineString","coordinates":[[-37.34,34.14],[-37.24,34.12]]},"properties":{"LABEL":"Transform Boundary"}},{"type":"Feature","geometry":{"type":"LineString","coordinates":[[-37.53,33.71],[-37.34,34.14]]},"properties":{"LABEL":"Divergent Boundary"}},{"type":"Feature","geometry":{"type":"LineString","coordinates":[[-37.68,33.74],[-37.53,33.71]]},"properties":{"LABEL":"Transform Boundary"}},{"type":"Feature","geometry":{"type":"LineString","coordinates":[[-37.8,33.5],[-37.68,33.74]]},"properties":{"LABEL":"Divergent Boundary"}},{"type":"Feature","geometry":{"type":"LineString","coordinates":[[-39.4,33.77],[-37.8,33.5]]},"properties":{"LABEL":"Transform Boundary"}},{"type":"Feature","geometry":{"type":"LineString","coordinates":[[-39.59,33.07],[-39.4,33.77]]},"properties":{"LABEL":"Divergent Boundary"}},{"type":"Feature","geometry":{"type":"LineString","coordinates":[[-39.7,33.08],[-39.59,33.07]]},"properties":{"LABEL":"Transform Boundary"}},{"type":"Feature","geometry":{"type":"LineString","coordinates":[[36.41,36.02],[36.33,34.48],[35.73,33.71],[35.57,32.76]]},"properties":{"LABEL":"Other"}},{"type":"Feature","geometry":{"type":"LineString","coordinates":[[35.57,32.76],[35.47,32.0]]},"properties":{"LABEL":"Transform Boundary"}},{"type":"Feature","geometry":{"type":"LineString","coordinates":[[-40.55,31.8],[-39.7,33.08]]},"properties":{"LABEL":"Divergent Boundary"}},{"type":"Feature","geometry":{"type":"LineString","coordinates":[[-40.71,31.82],[-40.55,31.8]]},"properties":{"LABEL":"Transform Boundary"}},{"type":"Feature","geometry":{"type":"LineString","coordinates":[[35.47,32.0],[35.31,31.38]]},"properties":{"LABEL":"Other"}},{"type":"Feature","geometry":{"type":"LineString","coordinates":[[-41.18,31.19],[-40.71,31.82]]},"properties":{"LABEL":"Divergent Boundary"}},{"type":"Feature","geometry":{"type":"LineString","coordinates":[[-41.43,31.24],[-41.18,31.19]]},"properties":{"LABEL":"Transform Boundary"}},{"type":"Feature","geometry":{"type":"LineString","coordinates":[[-114.12,31.36],[-114.44,31.1]]},"properties":{"LABEL":"Divergent Boundary"}},{"type":"Feature","geometry":{"type":"LineString","coordinates":[[132.82,30.75],[133.5,31.51],[134.04,31.88],[137.03,33.05],[138.07,33.75],[138.38,34.06],[138.67,35.03]]},"properties":{"LABEL":"Convergent Boundary"}},{"type":"Feature","geometry":{"type":"LineString","coordinates":[[-114.44,31.1],[-113.81,30.31]]},"properties":{"LABEL":"Transform Boundary"}},{"type":"Feature","geometry":{"type":"LineString","coordinates":[[-113.81,30.31],[-114.04,30.12]]},"properties":{"LABEL":"Divergent Boundary"}},{"type":"Feature","geometry":{"type":"LineString","coordinates":[[-114.04,30.12],[-113.91,29.98]]},"properties":{"LABEL":"Transform Boundary"}},{"type":"Feature","geometry":{"type":"LineString","coordinates":[[-42.14,29.97],[-41.43,31.24]]},"properties":{"LABEL":"Divergent Boundary"}},{"type":"Feature","geometry":{"type":"LineString","coordinates":[[-42.73,30.07],[-42.14,29.97]]},"properties":{"LABEL":"Transform Boundary"}},{"type":"Feature","geometry":{"type":"LineString","coordinates":[[-113.91,29.98],[-113.76,29.83]]},"properties":{"LABEL":"Transform Boundary"}},{"type":"Feature","geometry":{"type":"LineString","coordinates":[[-113.76,29.83],[-113.87,29.73]]},"properties":{"LABEL":"Divergent Boundary"}},{"type":"Feature","geometry":{"type":"LineString","coordinates":[[-113.87,29.73],[-113.97,29.65]]},"properties":{"LABEL":"Divergent Boundary"}},{"type":"Feature","geometry":{"type":"LineString","coordinates":[[-43.04,29.47],[-42.73,30.07]]},"properties":{"LABEL":"Divergent Boundary"}},{"type":"Feature","geometry":{"type":"LineString","coordinates":[[-43.09,29.47],[-43.04,29.47]]},"properties":{"LABEL":"Transform Boundary"}},{"type":"Feature","geometry":{"type":"LineString","coordinates":[[-113.97,29.65],[-113.28,29.01]]},"properties":{"LABEL":"Transform Boundary"}},{"type":"Feature","geometry":{"type":"LineString","coordinates":[[-113.28,29.01],[-113.34,28.95]]},"properties":{"LABEL":"Divergent Boundary"}},{"type":"Feature","geometry":{"type":"LineString","coordinates":[[-43.48,28.8],[-43.09,29.47]]},"properties":{"LABEL":"Divergent Boundary"}},{"type":"Feature","geometry":{"type":"LineString","coordinates":[[-43.56,28.81],[-43.48,28.8]]},"properties":{"LABEL":"Transform Boundary"}},{"type":"Feature","geometry":{"type":"LineString","coordinates":[[-113.34,28.95],[-112.32,28.12]]},"properties":{"LABEL":"Transform Boundary"}},{"type":"Feature","geometry":{"type":"LineString","coordinates":[[-43.94,28.1],[-43.56,28.81]]},"properties":{"LABEL":"Divergent Boundary"}},{"type":"Feature","geometry":{"type":"LineString","coordinates":[[-44.02,28.11],[-43.94,28.1]]},"properties":{"LABEL":"Transform Boundary"}},{"type":"Feature","geometry":{"type":"LineString","coordinates":[[34.26,27.89],[34.71,28.83],[35.31,31.38]]},"properties":{"LABEL":"Transform Boundary"}},{"type":"Feature","geometry":{"type":"LineString","coordinates":[[-112.32,28.12],[-111.38,27.5]]},"properties":{"LABEL":"Transform Boundary"}},{"type":"Feature","geometry":{"type":"LineString","coordinates":[[-44.38,27.24],[-44.02,28.11]]},"properties":{"LABEL":"Divergent Boundary"}},{"type":"Feature","geometry":{"type":"LineString","coordinates":[[-44.51,27.25],[-44.38,27.24]]},"properties":{"LABEL":"Transform Boundary"}},{"type":"Feature","geometry":{"type":"LineString","coordinates":[[-111.38,27.5],[-111.57,27.22]]},"properties":{"LABEL":"Divergent Boundary"}},{"type":"Feature","geometry":{"type":"LineString","coordinates":[[-111.57,27.22],[-111.37,27.1]]},"properties":{"LABEL":"Transform Boundary"}},{"type":"Feature","geometry":{"type":"LineString","coordinates":[[-111.37,27.1],[-111.51,26.93]]},"properties":{"LABEL":"Divergent Boundary"}},{"type":"Feature","geometry":{"type":"LineString","coordinates":[[-111.51,26.93],[-110.68,26.36]]},"properties":{"LABEL":"Transform Boundary"}},{"type":"Feature","geometry":{"type":"LineString","coordinates":[[-44.87,26.28],[-44.51,27.25]]},"properties":{"LABEL":"Divergent Boundary"}},{"type":"Feature","geometry":{"type":"LineString","coordinates":[[-44.82,26.27],[-44.87,26.28]]},"properties":{"LABEL":"Transform Boundary"}},{"type":"Feature","geometry":{"type":"LineString","coordinates":[[-110.68,26.36],[-110.78,26.23]]},"properties":{"LABEL":"Divergent Boundary"}},{"type":"Feature","geometry":{"type":"LineString","coordinates":[[-44.9,26.06],[-44.82,26.27]]},"properties":{"LABEL":"Divergent Boundary"}},{"type":"Feature","geometry":{"type":"LineString","coordinates":[[-45.09,26.08],[-44.9,26.06]]},"properties":{"LABEL":"Transform Boundary"}},{"type":"Feature","geometry":{"type":"LineString","coordinates":[[57.06,26.05],[56.99,26.55]]},"properties":{"LABEL":"Transform Boundary"}},{"type":"Feature","geometry":{"type":"LineString","coordinates":[[-110.78,26.23],[-109.81,25.56]]},"properties":{"LABEL":"Transform Boundary"}},{"type":"Feature","geometry":{"type":"LineString","coordinates":[[-109.81,25.56],[-110.01,25.34]]},"properties":{"LABEL":"Divergent Boundary"}},{"type":"Feature","geometry":{"type":"LineString","coordinates":[[-45.5,25.19],[-45.09,26.08]]},"properties":{"LABEL":"Divergent Boundary"}},{"type":"Feature","geometry":{"type":"LineString","coordinates":[[-45.79,25.25],[-45.5,25.19]]},"properties":{"LABEL":"Transform Boundary"}},{"type":"Feature","geometry":{"type":"LineString","coordinates":[[-110.01,25.34],[-109.06,24.66]]},"properties":{"LABEL":"Transform Boundary"}},{"type":"Feature","geometry":{"type":"LineString","coordinates":[[-46.12,24.59],[-45.79,25.25]]},"properties":{"LABEL":"Divergent Boundary"}},{"type":"Feature","geometry":{"type":"LineString","coordinates":[[-46.2,24.6],[-46.12,24.59]]},"properties":{"LABEL":"Transform Boundary"}},{"type":"Feature","geometry":{"type":"LineString","coordinates":[[57.83,24.44],[57.35,24.79],[57.06,26.05]]},"properties":{"LABEL":"Other"}},{"type":"Feature","geometry":{"type":"LineString","coordinates":[[-109.06,24.66],[-109.28,24.4]]},"properties":{"LABEL":"Divergent Boundary"}},{"type":"Feature","geometry":{"type":"LineString","coordinates":[[143.52,24.39],[143.22,24.93],[143.16,25.62],[143.27,27.97],[142.58,29.57],[142.2,30.89],[141.88,34.21]]},"properties":{"LABEL":"Convergent Boundary"}},{"type":"Feature","geometry":{"type":"LineString","coordinates":[[-46.48,23.92],[-46.2,24.6]]},"properties":{"LABEL":"Divergent Boundary"}},{"type":"Feature","geometry":{"type":"LineString","coordinates":[[-44.92,23.65],[-46.48,23.92]]},"properties":{"LABEL":"Transform Boundary"}},{"type":"Feature","geometry":{"type":"LineString","coordinates":[[-109.28,24.4],[-108.36,23.61]]},"properties":{"LABEL":"Transform Boundary"}},{"type":"Feature","geometry":{"type":"LineString","coordinates":[[125.55,23.38],[125.95,23.5],[126.9,24.1],[128.73,25.5],[129.84,26.61],[130.41,27.39],[130.71,28.09],[131.8,29.01],[132.44,30.27],[132.82,30.75]]},"properties":{"LABEL":"Convergent Boundary"}},{"type":"Feature","geometry":{"type":"LineString","coordinates":[[123.97,23.3],[125.55,23.38]]},"properties":{"LABEL":"Convergent Boundary"}},{"type":"Feature","geometry":{"type":"LineString","coordinates":[[-108.36,23.61],[-108.65,23.24]]},"properties":{"LABEL":"Divergent Boundary"}},{"type":"Feature","geometry":{"type":"LineString","coordinates":[[-108.65,23.24],[-108.01,22.99]]},"properties":{"LABEL":"Transform Boundary"}},{"type":"Feature","geometry":{"type":"LineString","coordinates":[[-45.02,22.96],[-44.92,23.65]]},"properties":{"LABEL":"Divergent Boundary"}},{"type":"Feature","geometry":{"type":"LineString","coordinates":[[-45.07,22.97],[-45.02,22.96]]},"properties":{"LABEL":"Transform Boundary"}},{"type":"Feature","geometry":{"type":"LineString","coordinates":[[62.13,22.08],[65.03,24.38]]},"properties":{"LABEL":"Transform Boundary"}},{"type":"Feature","geometry":{"type":"LineString","coordinates":[[-108.68,21.96],[-108.01,22.99]]},"properties":{"LABEL":"Divergent Boundary"}},{"type":"Feature","geometry":{"type":"LineString","coordinates":[[-108.58,21.91],[-108.68,21.96]]},"properties":{"LABEL":"Transform Boundary"}},{"type":"Feature","geometry":{"type":"LineString","coordinates":[[-45.25,21.81],[-45.07,22.97]]},"properties":{"LABEL":"Divergent Boundary"}},{"type":"Feature","geometry":{"type":"LineString","coordinates":[[-45.38,21.82],[-45.25,21.81]]},"properties":{"LABEL":"Transform Boundary"}},{"type":"Feature","geometry":{"type":"LineString","coordinates":[[121.33,24.96],[120.98,24.65],[120.55,23.98],[120.36,23.2],[120.45,21.63]]},"properties":{"LABEL":"Other"}},{"type":"Feature","geometry":{"type":"LineString","coordinates":[[62.1,21.42],[62.13,22.08]]},"properties":{"LABEL":"Other"}},{"type":"Feature","geometry":{"type":"LineString","coordinates":[[-108.58,21.91],[-108.98,21.35]]},"properties":{"LABEL":"Divergent Boundary"}},{"type":"Feature","geometry":{"type":"LineString","coordinates":[[-108.98,21.35],[-108.81,21.25]]},"properties":{"LABEL":"Transform Boundary"}},{"type":"Feature","geometry":{"type":"LineString","coordinates":[[-45.51,21.25],[-45.38,21.82]]},"properties":{"LABEL":"Divergent Boundary"}},{"type":"Feature","geometry":{"type":"LineString","coordinates":[[-45.42,21.22],[-45.51,21.25]]},"properties":{"LABEL":"Transform Boundary"}},{"type":"Feature","geometry":{"type":"LineString","coordinates":[[-45.56,20.6],[-45.42,21.22]]},"properties":{"LABEL":"Divergent Boundary"}},{"type":"Feature","geometry":{"type":"LineString","coordinates":[[-45.77,20.62],[-45.56,20.6]]},"properties":{"LABEL":"Transform Boundary"}},{"type":"Feature","geometry":{"type":"LineString","coordinates":[[-108.81,21.25],[-109.29,20.56]]},"properties":{"LABEL":"Divergent Boundary"}},{"type":"Feature","geometry":{"type":"LineString","coordinates":[[-109.29,20.56],[-109.19,20.5]]},"properties":{"LABEL":"Transform Boundary"}},{"type":"Feature","geometry":{"type":"LineString","coordinates":[[-71.28,20.2],[-72.33,20.33],[-73.24,20.29]]},"properties":{"LABEL":"Transform Boundary"}},{"type":"Feature","geometry":{"type":"LineString","coordinates":[[-109.19,20.5],[-109.45,20.03]]},"properties":{"LABEL":"Divergent Boundary"}},{"type":"Feature","geometry":{"type":"LineString","coordinates":[[-70.63,20.0],[-71.28,20.2]]},"properties":{"LABEL":"Other"}},{"type":"Feature","geometry":{"type":"LineString","coordinates":[[-73.24,20.29],[-76.36,19.84]]},"properties":{"LABEL":"Transform Boundary"}},{"type":"Feature","geometry":{"type":"LineString","coordinates":[[60.97,19.81],[62.1,21.42]]},"properties":{"LABEL":"Transform Boundary"}},{"type":"Feature","geometry":{"type":"LineString","coordinates":[[-69.98,19.8],[-70.63,20.0]]},"properties":{"LABEL":"Other"}},{"type":"Feature","geometry":{"type":"LineString","coordinates":[[-45.94,19.8],[-45.77,20.62]]},"properties":{"LABEL":"Divergent Boundary"}},{"type":"Feature","geometry":{"type":"LineString","coordinates":[[-46.0,19.82],[-45.94,19.8]]},"properties":{"LABEL":"Transform Boundary"}},{"type":"Feature","geometry":{"type":"LineString","coordinates":[[-69.42,19.7],[-69.98,19.8]]},"properties":{"LABEL":"Other"}},{"type":"Feature","geometry":{"type":"LineString","coordinates":[[-109.45,20.03],[-108.9,19.62]]},"properties":{"LABEL":"Transform Boundary"}},{"type":"Feature","geometry":{"type":"LineString","coordinates":[[-63.36,19.69],[-65.13,19.83],[-68.85,19.59],[-69.42,19.7]]},"properties":{"LABEL":"Other"}},{"type":"Feature","geometry":{"type":"LineString","coordinates":[[-108.9,19.62],[-108.9,19.55]]},"properties":{"LABEL":"Divergent Boundary"}},{"type":"Feature","geometry":{"type":"LineString","coordinates":[[-108.9,19.55],[-108.2,19.22]]},"properties":{"LABEL":"Transform Boundary"}},{"type":"Feature","geometry":{"type":"LineString","coordinates":[[-108.2,19.22],[-108.23,19.11]]},"properties":{"LABEL":"Divergent Boundary"}},{"type":"Feature","geometry":{"type":"LineString","coordinates":[[-61.38,19.04],[-63.36,19.69]]},"properties":{"LABEL":"Other"}},{"type":"Feature","geometry":{"type":"LineString","coordinates":[[-46.18,18.93],[-46.0,19.82]]},"properties":{"LABEL":"Divergent Boundary"}},{"type":"Feature","geometry":{"type":"LineString","coordinates":[[-46.22,18.93],[-46.18,18.93]]},"properties":{"LABEL":"Transform Boundary"}},{"type":"Feature","geometry":{"type":"LineString","coordinates":[[-76.36,19.84],[-81.75,18.86]]},"properties":{"LABEL":"Transform Boundary"}},{"type":"Feature","geometry":{"type":"LineString","coordinates":[[-106.89,21.8],[-106.44,21.12],[-106.27,19.92],[-105.74,19.16],[-105.25,18.76]]},"properties":{"LABEL":"Convergent Boundary"}},{"type":"Feature","geometry":{"type":"LineString","coordinates":[[-108.23,19.11],[-107.0,18.65],[-106.24,18.52]]},"properties":{"LABEL":"Transform Boundary"}},{"type":"Feature","geometry":{"type":"LineString","coordinates":[[-46.32,18.42],[-46.22,18.93]]},"properties":{"LABEL":"Divergent Boundary"}},{"type":"Feature","geometry":{"type":"LineString","coordinates":[[-46.39,18.42],[-46.32,18.42]]},"properties":{"LABEL":"Transform Boundary"}},{"type":"Feature","geometry":{"type":"LineString","coordinates":[[-106.24,18.52],[-106.31,17.93]]},"properties":{"LABEL":"Divergent Boundary"}},{"type":"Feature","geometry":{"type":"LineString","coordinates":[[-106.31,17.93],[-105.59,17.88]]},"properties":{"LABEL":"Transform Boundary"}},{"type":"Feature","geometry":{"type":"LineString","coordinates":[[-81.75,18.86],[-81.62,17.8]]},"properties":{"LABEL":"Divergent Boundary"}},{"type":"Feature","geometry":{"type":"LineString","coordinates":[[-46.52,17.59],[-46.39,18.42]]},"properties":{"LABEL":"Divergent Boundary"}},{"type":"Feature","geometry":{"type":"LineString","coordinates":[[-46.41,17.57],[-46.52,17.59]]},"properties":{"LABEL":"Transform Boundary"}},{"type":"Feature","geometry":{"type":"LineString","coordinates":[[-46.59,16.61],[-46.41,17.57]]},"properties":{"LABEL":"Divergent Boundary"}},{"type":"Feature","geometry":{"type":"LineString","coordinates":[[-46.53,16.59],[-46.59,16.61]]},"properties":{"LABEL":"Transform Boundary"}},{"type":"Feature","geometry":{"type":"LineString","coordinates":[[-81.62,17.8],[-83.71,17.48],[-86.97,16.48]]},"properties":{"LABEL":"Transform Boundary"}},{"type":"Feature","geometry":{"type":"LineString","coordinates":[[34.26,27.89],[34.55,27.26],[35.89,25.48],[36.7,23.62],[37.65,22.55],[38.21,20.38],[38.48,19.94],[39.42,19.08],[41.83,15.57],[42.27,14.53],[42.3,14.07],[43.67,12.08]]},"properties":{"LABEL":"Divergent Boundary"}},{"type":"Feature","geometry":{"type":"LineString","coordinates":[[60.97,19.81],[60.22,18.24],[59.91,15.57]]},"properties":{"LABEL":"Other"}},{"type":"Feature","geometry":{"type":"LineString","coordinates":[[-46.77,15.45],[-46.53,16.59]]},"properties":{"LABEL":"Divergent Boundary"}},{"type":"Feature","geometry":{"type":"LineString","coordinates":[[-46.77,15.45],[-45.13,15.27]]},"properties":{"LABEL":"Transform Boundary"}},{"type":"Feature","geometry":{"type":"LineString","coordinates":[[-105.32,15.11],[-104.69,15.27]]},"properties":{"LABEL":"Transform Boundary"}},{"type":"Feature","geometry":{"type":"LineString","coordinates":[[-105.59,17.88],[-105.4,17.77],[-105.32,15.11]]},"properties":{"LABEL":"Divergent Boundary"}},{"type":"Feature","geometry":{"type":"LineString","coordinates":[[59.91,15.57],[59.41,14.9]]},"properties":{"LABEL":"Transform Boundary"}},{"type":"Feature","geometry":{"type":"LineString","coordinates":[[59.41,14.9],[59.03,15.09]]},"properties":{"LABEL":"Divergent Boundary"}},{"type":"Feature","geometry":{"type":"LineString","coordinates":[[55.11,14.85],[55.05,14.71]]},"properties":{"LABEL":"Transform Boundary"}},{"type":"Feature","geometry":{"type":"LineString","coordinates":[[55.05,14.71],[54.55,14.87]]},"properties":{"LABEL":"Divergent Boundary"}},{"type":"Feature","geometry":{"type":"LineString","coordinates":[[59.03,15.09],[58.59,14.65]]},"properties":{"LABEL":"Transform Boundary"}},{"type":"Feature","geometry":{"type":"LineString","coordinates":[[58.59,14.65],[58.21,14.92]]},"properties":{"LABEL":"Divergent Boundary"}},{"type":"Feature","geometry":{"type":"LineString","coordinates":[[54.55,14.87],[54.45,14.62]]},"properties":{"LABEL":"Transform Boundary"}},{"type":"Feature","geometry":{"type":"LineString","coordinates":[[54.45,14.62],[54.07,14.77]]},"properties":{"LABEL":"Divergent Boundary"}},{"type":"Feature","geometry":{"type":"LineString","coordinates":[[56.26,14.62],[55.11,14.85]]},"properties":{"LABEL":"Divergent Boundary"}},{"type":"Feature","geometry":{"type":"LineString","coordinates":[[58.21,14.92],[57.98,14.6]]},"properties":{"LABEL":"Transform Boundary"}},{"type":"Feature","geometry":{"type":"LineString","coordinates":[[57.98,14.6],[56.26,14.62]]},"properties":{"LABEL":"Divergent Boundary"}},{"type":"Feature","geometry":{"type":"LineString","coordinates":[[52.74,14.68],[52.67,14.56]]},"properties":{"LABEL":"Transform Boundary"}},{"type":"Feature","geometry":{"type":"LineString","coordinates":[[52.67,14.56],[52.14,14.69]]},"properties":{"LABEL":"Divergent Boundary"}},{"type":"Feature","geometry":{"type":"LineString","coordinates":[[53.22,14.56],[53.21,14.54]]},"properties":{"LABEL":"Transform Boundary"}},{"type":"Feature","geometry":{"type":"LineString","coordinates":[[53.21,14.54],[52.74,14.68]]},"properties":{"LABEL":"Divergent Boundary"}},{"type":"Feature","geometry":{"type":"LineString","coordinates":[[54.07,14.77],[53.86,14.35]]},"properties":{"LABEL":"Transform Boundary"}},{"type":"Feature","geometry":{"type":"LineString","coordinates":[[53.86,14.35],[53.22,14.56]]},"properties":{"LABEL":"Divergent Boundary"}},{"type":"Feature","geometry":{"type":"LineString","coordinates":[[56.82,14.3],[56.26,14.62]]},"properties":{"LABEL":"Divergent Boundary"}},{"type":"Feature","geometry":{"type":"LineString","coordinates":[[56.76,14.21],[56.82,14.3]]},"properties":{"LABEL":"Other"}},{"type":"Feature","geometry":{"type":"LineString","coordinates":[[57.04,14.07],[56.76,14.21]]},"properties":{"LABEL":"Divergent Boundary"}},{"type":"Feature","geometry":{"type":"LineString","coordinates":[[56.97,13.94],[57.04,14.07]]},"properties":{"LABEL":"Other"}},{"type":"Feature","geometry":{"type":"LineString","coordinates":[[57.3,13.77],[56.97,13.94]]},"properties":{"LABEL":"Divergent Boundary"}},{"type":"Feature","geometry":{"type":"LineString","coordinates":[[57.3,13.74],[57.3,13.77]]},"properties":{"LABEL":"Transform Boundary"}},{"type":"Feature","geometry":{"type":"LineString","coordinates":[[57.81,13.45],[57.3,13.74]]},"properties":{"LABEL":"Divergent Boundary"}},{"type":"Feature","geometry":{"type":"LineString","coordinates":[[50.66,13.36],[50.57,13.22]]},"properties":{"LABEL":"Transform Boundary"}},{"type":"Feature","geometry":{"type":"LineString","coordinates":[[50.57,13.22],[50.31,13.31]]},"properties":{"LABEL":"Divergent Boundary"}},{"type":"Feature","geometry":{"type":"LineString","coordinates":[[57.64,13.14],[57.81,13.45]]},"properties":{"LABEL":"Other"}},{"type":"Feature","geometry":{"type":"LineString","coordinates":[[50.31,13.31],[50.17,13.12]]},"properties":{"LABEL":"Transform Boundary"}},{"type":"Feature","geometry":{"type":"LineString","coordinates":[[50.17,13.12],[49.68,13.31]]},"properties":{"LABEL":"Divergent Boundary"}},{"type":"Feature","geometry":{"type":"LineString","coordinates":[[52.14,14.69],[51.25,13.12]]},"properties":{"LABEL":"Transform Boundary"}},{"type":"Feature","geometry":{"type":"LineString","coordinates":[[51.25,13.12],[50.66,13.36]]},"properties":{"LABEL":"Divergent Boundary"}},{"type":"Feature","geometry":{"type":"LineString","coordinates":[[49.68,13.31],[49.47,13.01]]},"properties":{"LABEL":"Transform Boundary"}},{"type":"Feature","geometry":{"type":"LineString","coordinates":[[49.47,13.01],[49.43,13.04]]},"properties":{"LABEL":"Divergent Boundary"}},{"type":"Feature","geometry":{"type":"LineString","coordinates":[[49.43,13.04],[49.28,12.8]]},"properties":{"LABEL":"Transform Boundary"}},{"type":"Feature","geometry":{"type":"LineString","coordinates":[[49.28,12.8],[48.88,12.91]]},"properties":{"LABEL":"Divergent Boundary"}},{"type":"Feature","geometry":{"type":"LineString","coordinates":[[48.88,12.91],[48.8,12.77]]},"properties":{"LABEL":"Transform Boundary"}},{"type":"Feature","geometry":{"type":"LineString","coordinates":[[58.24,12.74],[57.64,13.14]]},"properties":{"LABEL":"Divergent Boundary"}},{"type":"Feature","geometry":{"type":"LineString","coordinates":[[-45.13,15.27],[-45.04,12.68]]},"properties":{"LABEL":"Divergent Boundary"}},{"type":"Feature","geometry":{"type":"LineString","coordinates":[[48.8,12.77],[48.7,12.66],[48.45,12.73]]},"properties":{"LABEL":"Divergent Boundary"}},{"type":"Feature","geometry":{"type":"LineString","coordinates":[[-45.04,12.68],[-44.26,12.63]]},"properties":{"LABEL":"Transform Boundary"}},{"type":"Feature","geometry":{"type":"LineString","coordinates":[[-105.25,18.74],[-104.72,18.35],[-103.2,17.6],[-99.03,15.9],[-97.22,15.34],[-95.81,15.23],[-90.9,12.57]]},"properties":{"LABEL":"Convergent Boundary"}},{"type":"Feature","geometry":{"type":"LineString","coordinates":[[48.45,12.73],[48.35,12.57]]},"properties":{"LABEL":"Transform Boundary"}},{"type":"Feature","geometry":{"type":"LineString","coordinates":[[48.35,12.57],[48.05,12.67]]},"properties":{"LABEL":"Divergent Boundary"}},{"type":"Feature","geometry":{"type":"LineString","coordinates":[[48.05,12.67],[47.9,12.46]]},"properties":{"LABEL":"Transform Boundary"}},{"type":"Feature","geometry":{"type":"LineString","coordinates":[[47.9,12.46],[47.65,12.52]]},"properties":{"LABEL":"Divergent Boundary"}},{"type":"Feature","geometry":{"type":"LineString","coordinates":[[47.65,12.52],[47.54,12.37]]},"properties":{"LABEL":"Transform Boundary"}},{"type":"Feature","geometry":{"type":"LineString","coordinates":[[47.54,12.37],[47.16,12.46]]},"properties":{"LABEL":"Divergent Boundary"}},{"type":"Feature","geometry":{"type":"LineString","coordinates":[[47.16,12.46],[47.13,12.36]]},"properties":{"LABEL":"Transform Boundary"}},{"type":"Feature","geometry":{"type":"LineString","coordinates":[[47.13,12.36],[46.99,12.4]]},"properties":{"LABEL":"Divergent Boundary"}},{"type":"Feature","geometry":{"type":"LineString","coordinates":[[46.99,12.4],[46.85,12.21]]},"properties":{"LABEL":"Transform Boundary"}},{"type":"Feature","geometry":{"type":"LineString","coordinates":[[46.85,12.21],[46.58,12.29]]},"properties":{"LABEL":"Divergent Boundary"}},{"type":"Feature","geometry":{"type":"LineString","coordinates":[[-44.26,12.63],[-44.28,12.1]]},"properties":{"LABEL":"Divergent Boundary"}},{"type":"Feature","geometry":{"type":"LineString","coordinates":[[46.58,12.29],[46.43,12.09]]},"properties":{"LABEL":"Transform Boundary"}},{"type":"Feature","geometry":{"type":"LineString","coordinates":[[46.43,12.09],[46.2,12.17]]},"properties":{"LABEL":"Divergent Boundary"}},{"type":"Feature","geometry":{"type":"LineString","coordinates":[[-44.28,12.1],[-43.88,12.09]]},"properties":{"LABEL":"Transform Boundary"}},{"type":"Feature","geometry":{"type":"LineString","coordinates":[[46.2,12.17],[46.11,12.06]]},"properties":{"LABEL":"Transform Boundary"}},{"type":"Feature","geometry":{"type":"LineString","coordinates":[[46.11,12.06],[45.64,12.16]]},"properties":{"LABEL":"Divergent Boundary"}},{"type":"Feature","geometry":{"type":"LineString","coordinates":[[45.33,12.05],[45.28,12.0]]},"properties":{"LABEL":"Transform Boundary"}},{"type":"Feature","geometry":{"type":"LineString","coordinates":[[45.28,12.0],[43.65,12.01]]},"properties":{"LABEL":"Divergent Boundary"}},{"type":"Feature","geometry":{"type":"LineString","coordinates":[[45.64,12.16],[45.52,11.98]]},"properties":{"LABEL":"Transform Boundary"}},{"type":"Feature","geometry":{"type":"LineString","coordinates":[[45.52,11.98],[45.33,12.05]]},"properties":{"LABEL":"Divergent Boundary"}},{"type":"Feature","geometry":{"type":"LineString","coordinates":[[-104.69,15.27],[-103.77,11.89]]},"properties":{"LABEL":"Divergent Boundary"}},{"type":"Feature","geometry":{"type":"LineString","coordinates":[[-103.77,11.89],[-103.88,11.87]]},"properties":{"LABEL":"Transform Boundary"}},{"type":"Feature","geometry":{"type":"LineString","coordinates":[[143.49,11.52],[145.43,12.39],[146.88,13.6],[147.63,15.48],[147.84,17.28],[147.75,18.64],[147.46,19.75],[146.82,21.33],[146.06,22.2],[144.03,23.79],[143.52,24.39]]},"properties":{"LABEL":"Convergent Boundary"}},{"type":"Feature","geometry":{"type":"LineString","coordinates":[[143.12,11.46],[143.49,11.52]]},"properties":{"LABEL":"Convergent Boundary"}},{"type":"Feature","geometry":{"type":"LineString","coordinates":[[-43.88,12.09],[-43.92,10.93]]},"properties":{"LABEL":"Divergent Boundary"}},{"type":"Feature","geometry":{"type":"LineString","coordinates":[[-43.92,10.93],[-41.09,10.79]]},"properties":{"LABEL":"Transform Boundary"}},{"type":"Feature","geometry":{"type":"LineString","coordinates":[[-65.12,10.6],[-65.0,10.54]]},"properties":{"LABEL":"Divergent Boundary"}},{"type":"Feature","geometry":{"type":"LineString","coordinates":[[-67.96,10.5],[-66.87,10.67],[-65.12,10.6]]},"properties":{"LABEL":"Transform Boundary"}},{"type":"Feature","geometry":{"type":"LineString","coordinates":[[-90.9,12.59],[-88.35,11.63],[-87.5,11.07],[-86.66,10.21]]},"properties":{"LABEL":"Convergent Boundary"}},{"type":"Feature","geometry":{"type":"LineString","coordinates":[[-65.0,10.54],[-58.64,10.19]]},"properties":{"LABEL":"Transform Boundary"}},{"type":"Feature","geometry":{"type":"LineString","coordinates":[[-58.17,10.16],[-57.77,10.63],[-57.43,11.66],[-57.92,14.86],[-58.67,15.41],[-58.75,16.04],[-59.11,16.91],[-59.83,17.55],[-60.48,18.46],[-61.39,19.03]]},"properties":{"LABEL":"Convergent Boundary"}},{"type":"Feature","geometry":{"type":"LineString","coordinates":[[-58.64,10.19],[-58.16,10.16]]},"properties":{"LABEL":"Transform Boundary"}},{"type":"Feature","geometry":{"type":"LineString","coordinates":[[-103.88,11.87],[-103.6,10.12]]},"properties":{"LABEL":"Divergent Boundary"}},{"type":"Feature","geometry":{"type":"LineString","coordinates":[[-103.6,10.12],[-104.3,10.02]]},"properties":{"LABEL":"Transform Boundary"}},{"type":"Feature","geometry":{"type":"LineString","coordinates":[[-41.09,10.79],[-41.08,9.98]]},"properties":{"LABEL":"Divergent Boundary"}},{"type":"Feature","geometry":{"type":"LineString","coordinates":[[-41.08,9.98],[-40.86,9.97]]},"properties":{"LABEL":"Transform Boundary"}},{"type":"Feature","geometry":{"type":"LineString","coordinates":[[58.24,12.74],[56.92,9.97]]},"properties":{"LABEL":"Transform Boundary"}},{"type":"Feature","geometry":{"type":"LineString","coordinates":[[56.92,9.97],[57.26,9.68],[57.49,9.94],[58.06,9.53]]},"properties":{"LABEL":"Divergent Boundary"}},{"type":"Feature","geometry":{"type":"LineString","coordinates":[[58.06,9.53],[58.02,9.45]]},"properties":{"LABEL":"Transform Boundary"}},{"type":"Feature","geometry":{"type":"LineString","coordinates":[[-40.86,9.97],[-40.87,9.39]]},"properties":{"LABEL":"Divergent Boundary"}},{"type":"Feature","geometry":{"type":"LineString","coordinates":[[138.43,9.37],[138.98,11.1],[139.24,11.11],[139.46,10.92],[140.57,10.87],[141.93,11.27],[143.11,11.44]]},"properties":{"LABEL":"Convergent Boundary"}},{"type":"Feature","geometry":{"type":"LineString","coordinates":[[-40.87,9.39],[-40.64,9.37]]},"properties":{"LABEL":"Transform Boundary"}},{"type":"Feature","geometry":{"type":"LineString","coordinates":[[58.02,9.45],[58.26,9.29]]},"properties":{"LABEL":"Divergent Boundary"}},{"type":"Feature","geometry":{"type":"LineString","coordinates":[[58.26,9.29],[58.15,9.09]]},"properties":{"LABEL":"Transform Boundary"}},{"type":"Feature","geometry":{"type":"LineString","coordinates":[[58.15,9.09],[58.43,8.86]]},"properties":{"LABEL":"Divergent Boundary"}},{"type":"Feature","geometry":{"type":"LineString","coordinates":[[-40.64,9.37],[-40.65,8.84]]},"properties":{"LABEL":"Divergent Boundary"}},{"type":"Feature","geometry":{"type":"LineString","coordinates":[[-40.65,8.84],[-40.12,8.81]]},"properties":{"LABEL":"Transform Boundary"}},{"type":"Feature","geometry":{"type":"LineString","coordinates":[[58.43,8.86],[58.25,8.65]]},"properties":{"LABEL":"Other"}},{"type":"Feature","geometry":{"type":"LineString","coordinates":[[-104.23,8.34],[-102.96,8.4]]},"properties":{"LABEL":"Transform Boundary"}},{"type":"Feature","geometry":{"type":"LineString","coordinates":[[-104.3,10.02],[-104.23,8.34]]},"properties":{"LABEL":"Divergent Boundary"}},{"type":"Feature","geometry":{"type":"LineString","coordinates":[[-40.12,8.81],[-40.14,8.22]]},"properties":{"LABEL":"Divergent Boundary"}},{"type":"Feature","geometry":{"type":"LineString","coordinates":[[58.25,8.65],[58.92,8.17]]},"properties":{"LABEL":"Divergent Boundary"}},{"type":"Feature","geometry":{"type":"LineString","coordinates":[[-40.14,8.22],[-38.22,8.14]]},"properties":{"LABEL":"Transform Boundary"}},{"type":"Feature","geometry":{"type":"LineString","coordinates":[[58.92,8.17],[58.88,8.1]]},"properties":{"LABEL":"Transform Boundary"}},{"type":"Feature","geometry":{"type":"LineString","coordinates":[[58.88,8.1],[59.31,7.77]]},"properties":{"LABEL":"Divergent Boundary"}},{"type":"Feature","geometry":{"type":"LineString","coordinates":[[-38.22,8.14],[-38.21,7.7]]},"properties":{"LABEL":"Divergent Boundary"}},{"type":"Feature","geometry":{"type":"LineString","coordinates":[[59.31,7.77],[59.22,7.67]]},"properties":{"LABEL":"Other"}},{"type":"Feature","geometry":{"type":"LineString","coordinates":[[-38.21,7.7],[-36.87,7.65]]},"properties":{"LABEL":"Transform Boundary"}},{"type":"Feature","geometry":{"type":"LineString","coordinates":[[-36.87,7.65],[-36.85,7.4]]},"properties":{"LABEL":"Divergent Boundary"}},{"type":"Feature","geometry":{"type":"LineString","coordinates":[[-86.65,10.23],[-85.91,9.42],[-83.23,7.85],[-82.87,7.37]]},"properties":{"LABEL":"Convergent Boundary"}},{"type":"Feature","geometry":{"type":"LineString","coordinates":[[-36.85,7.4],[-36.06,7.36]]},"properties":{"LABEL":"Transform Boundary"}},{"type":"Feature","geometry":{"type":"LineString","coordinates":[[-36.06,7.36],[-36.05,7.02]]},"properties":{"LABEL":"Divergent Boundary"}},{"type":"Feature","geometry":{"type":"LineString","coordinates":[[59.22,7.67],[60.18,6.95]]},"properties":{"LABEL":"Divergent Boundary"}},{"type":"Feature","geometry":{"type":"LineString","coordinates":[[-36.05,7.02],[-35.37,6.93]]},"properties":{"LABEL":"Transform Boundary"}},{"type":"Feature","geometry":{"type":"LineString","coordinates":[[60.18,6.95],[60.04,6.77]]},"properties":{"LABEL":"Transform Boundary"}},{"type":"Feature","geometry":{"type":"LineString","coordinates":[[-35.36,6.61],[-33.62,6.62]]},"properties":{"LABEL":"Transform Boundary"}},{"type":"Feature","geometry":{"type":"LineString","coordinates":[[-35.37,6.93],[-35.36,6.61]]},"properties":{"LABEL":"Divergent Boundary"}},{"type":"Feature","geometry":{"type":"LineString","coordinates":[[138.43,9.35],[137.67,7.99],[137.0,7.4],[136.23,7.25],[135.91,6.97],[134.56,6.91],[133.99,6.33]]},"properties":{"LABEL":"Other"}},{"type":"Feature","geometry":{"type":"LineString","coordinates":[[-33.62,6.62],[-33.62,6.1]]},"properties":{"LABEL":"Divergent Boundary"}},{"type":"Feature","geometry":{"type":"LineString","coordinates":[[-33.62,6.1],[-33.51,6.08]]},"properties":{"LABEL":"Transform Boundary"}},{"type":"Feature","geometry":{"type":"LineString","coordinates":[[-33.51,6.08],[-33.51,5.65]]},"properties":{"LABEL":"Divergent Boundary"}},{"type":"Feature","geometry":{"type":"LineString","coordinates":[[-33.51,5.65],[-32.98,5.65]]},"properties":{"LABEL":"Transform Boundary"}},{"type":"Feature","geometry":{"type":"LineString","coordinates":[[60.04,6.77],[61.66,5.49]]},"properties":{"LABEL":"Divergent Boundary"}},{"type":"Feature","geometry":{"type":"LineString","coordinates":[[61.66,5.49],[61.53,5.26]]},"properties":{"LABEL":"Transform Boundary"}},{"type":"Feature","geometry":{"type":"LineString","coordinates":[[61.53,5.26],[63.0,4.11]]},"properties":{"LABEL":"Divergent Boundary"}},{"type":"Feature","geometry":{"type":"LineString","coordinates":[[-32.86,3.96],[-30.96,4.06]]},"properties":{"LABEL":"Transform Boundary"}},{"type":"Feature","geometry":{"type":"LineString","coordinates":[[-32.98,5.65],[-32.86,3.96]]},"properties":{"LABEL":"Divergent Boundary"}},{"type":"Feature","geometry":{"type":"LineString","coordinates":[[63.0,4.11],[62.87,3.89]]},"properties":{"LABEL":"Transform Boundary"}},{"type":"Feature","geometry":{"type":"LineString","coordinates":[[-102.96,8.4],[-102.66,7.18],[-102.18,3.78]]},"properties":{"LABEL":"Divergent Boundary"}},{"type":"Feature","geometry":{"type":"LineString","coordinates":[[-102.18,3.78],[-102.26,3.75]]},"properties":{"LABEL":"Transform Boundary"}},{"type":"Feature","geometry":{"type":"LineString","coordinates":[[63.33,3.63],[63.39,3.7]]},"properties":{"LABEL":"Transform Boundary"}},{"type":"Feature","geometry":{"type":"LineString","coordinates":[[62.87,3.89],[63.33,3.63]]},"properties":{"LABEL":"Divergent Boundary"}},{"type":"Feature","geometry":{"type":"LineString","coordinates":[[63.82,3.48],[63.89,3.6]]},"properties":{"LABEL":"Transform Boundary"}},{"type":"Feature","geometry":{"type":"LineString","coordinates":[[63.39,3.7],[63.82,3.48]]},"properties":{"LABEL":"Divergent Boundary"}},{"type":"Feature","geometry":{"type":"LineString","coordinates":[[64.62,3.22],[64.68,3.3]]},"properties":{"LABEL":"Transform Boundary"}},{"type":"Feature","geometry":{"type":"LineString","coordinates":[[63.89,3.6],[64.62,3.22]]},"properties":{"LABEL":"Divergent Boundary"}},{"type":"Feature","geometry":{"type":"LineString","coordinates":[[-82.59,3.06],[-82.66,7.31]]},"properties":{"LABEL":"Transform Boundary"}},{"type":"Feature","geometry":{"type":"LineString","coordinates":[[-84.47,3.11],[-82.63,3.11]]},"properties":{"LABEL":"Divergent Boundary"}},{"type":"Feature","geometry":{"type":"LineString","coordinates":[[65.21,2.92],[65.49,3.3]]},"properties":{"LABEL":"Transform Boundary"}},{"type":"Feature","geometry":{"type":"LineString","coordinates":[[64.68,3.3],[65.21,2.92]]},"properties":{"LABEL":"Divergent Boundary"}},{"type":"Feature","geometry":{"type":"LineString","coordinates":[[-102.12,2.89],[-102.14,2.89]]},"properties":{"LABEL":"Transform Boundary"}},{"type":"Feature","geometry":{"type":"LineString","coordinates":[[-102.14,2.89],[-102.26,3.75]]},"properties":{"LABEL":"Divergent Boundary"}},{"type":"Feature","geometry":{"type":"LineString","coordinates":[[65.49,3.3],[66.38,2.75]]},"properties":{"LABEL":"Divergent Boundary"}},{"type":"Feature","geometry":{"type":"LineString","coordinates":[[-102.07,2.63],[-102.12,2.89]]},"properties":{"LABEL":"Divergent Boundary"}},{"type":"Feature","geometry":{"type":"LineString","coordinates":[[-101.51,2.23],[-101.2,2.24]]},"properties":{"LABEL":"Divergent Boundary"}},{"type":"Feature","geometry":{"type":"LineString","coordinates":[[-101.51,2.23],[-101.49,2.61],[-102.07,2.63]]},"properties":{"LABEL":"Divergent Boundary"}},{"type":"Feature","geometry":{"type":"LineString","coordinates":[[-95.22,2.22],[-95.2,2.51]]},"properties":{"LABEL":"Transform Boundary"}},{"type":"Feature","geometry":{"type":"LineString","coordinates":[[-96.12,2.24],[-95.22,2.22]]},"properties":{"LABEL":"Divergent Boundary"}},{"type":"Feature","geometry":{"type":"LineString","coordinates":[[-100.07,2.21],[-100.05,2.3]]},"properties":{"LABEL":"Transform Boundary"}},{"type":"Feature","geometry":{"type":"LineString","coordinates":[[-95.2,2.51],[-92.09,2.2]]},"properties":{"LABEL":"Divergent Boundary"}},{"type":"Feature","geometry":{"type":"LineString","coordinates":[[-101.2,2.2],[-100.07,2.21]]},"properties":{"LABEL":"Divergent Boundary"}},{"type":"Feature","geometry":{"type":"LineString","coordinates":[[-101.2,2.24],[-101.2,2.2]]},"properties":{"LABEL":"Transform Boundary"}},{"type":"Feature","geometry":{"type":"LineString","coordinates":[[-98.92,2.11],[-98.89,2.21]]},"properties":{"LABEL":"Transform Boundary"}},{"type":"Feature","geometry":{"type":"LineString","coordinates":[[-100.05,2.3],[-98.92,2.11]]},"properties":{"LABEL":"Divergent Boundary"}},{"type":"Feature","geometry":{"type":"LineString","coordinates":[[-98.89,2.21],[-97.55,2.09]]},"properties":{"LABEL":"Divergent Boundary"}},{"type":"Feature","geometry":{"type":"LineString","coordinates":[[66.38,2.75],[65.99,2.05]]},"properties":{"LABEL":"Transform Boundary"}},{"type":"Feature","geometry":{"type":"LineString","coordinates":[[-92.12,1.99],[-91.54,2.01]]},"properties":{"LABEL":"Divergent Boundary"}},{"type":"Feature","geometry":{"type":"LineString","coordinates":[[-92.09,2.2],[-92.12,1.99]]},"properties":{"LABEL":"Transform Boundary"}},{"type":"Feature","geometry":{"type":"LineString","coordinates":[[-102.07,2.63],[-102.09,1.9]]},"properties":{"LABEL":"Divergent Boundary"}},{"type":"Feature","geometry":{"type":"LineString","coordinates":[[-102.09,1.9],[-102.1,1.9]]},"properties":{"LABEL":"Transform Boundary"}},{"type":"Feature","geometry":{"type":"LineString","coordinates":[[-97.55,2.09],[-97.58,1.9]]},"properties":{"LABEL":"Transform Boundary"}},{"type":"Feature","geometry":{"type":"LineString","coordinates":[[-96.18,1.87],[-96.12,2.24]]},"properties":{"LABEL":"Transform Boundary"}},{"type":"Feature","geometry":{"type":"LineString","coordinates":[[-97.58,1.9],[-96.18,1.87]]},"properties":{"LABEL":"Divergent Boundary"}},{"type":"Feature","geometry":{"type":"LineString","coordinates":[[-91.54,2.01],[-91.56,1.82]]},"properties":{"LABEL":"Transform Boundary"}},{"type":"Feature","geometry":{"type":"LineString","coordinates":[[-102.1,1.9],[-102.13,1.78]]},"properties":{"LABEL":"Divergent Boundary"}},{"type":"Feature","geometry":{"type":"LineString","coordinates":[[-102.13,1.78],[-102.26,1.75]]},"properties":{"LABEL":"Transform Boundary"}},{"type":"Feature","geometry":{"type":"LineString","coordinates":[[-91.56,1.82],[-90.7,1.74]]},"properties":{"LABEL":"Divergent Boundary"}},{"type":"Feature","geometry":{"type":"LineString","coordinates":[[-30.96,4.06],[-30.74,1.64]]},"properties":{"LABEL":"Divergent Boundary"}},{"type":"Feature","geometry":{"type":"LineString","coordinates":[[65.99,2.05],[66.67,1.62]]},"properties":{"LABEL":"Divergent Boundary"}},{"type":"Feature","geometry":{"type":"LineString","coordinates":[[-30.74,1.64],[-30.03,1.61]]},"properties":{"LABEL":"Transform Boundary"}},{"type":"Feature","geometry":{"type":"LineString","coordinates":[[-84.58,1.6],[-84.47,3.11]]},"properties":{"LABEL":"Transform Boundary"}},{"type":"Feature","geometry":{"type":"LineString","coordinates":[[-85.35,1.64],[-84.58,1.6]]},"properties":{"LABEL":"Divergent Boundary"}},{"type":"Feature","geometry":{"type":"LineString","coordinates":[[-102.26,1.75],[-102.23,1.54]]},"properties":{"LABEL":"Divergent Boundary"}},{"type":"Feature","geometry":{"type":"LineString","coordinates":[[-102.23,1.54],[-102.26,1.53]]},"properties":{"LABEL":"Transform Boundary"}},{"type":"Feature","geometry":{"type":"LineString","coordinates":[[66.67,1.62],[66.49,1.33]]},"properties":{"LABEL":"Transform Boundary"}},{"type":"Feature","geometry":{"type":"LineString","coordinates":[[-102.26,1.53],[-102.2,1.22]]},"properties":{"LABEL":"Divergent Boundary"}},{"type":"Feature","geometry":{"type":"LineString","coordinates":[[-102.2,1.22],[-102.22,1.21]]},"properties":{"LABEL":"Transform Boundary"}},{"type":"Feature","geometry":{"type":"LineString","coordinates":[[-102.22,1.21],[-102.18,1.13]]},"properties":{"LABEL":"Divergent Boundary"}},{"type":"Feature","geometry":{"type":"LineString","coordinates":[[-90.7,1.74],[-90.66,1.12]]},"properties":{"LABEL":"Transform Boundary"}},{"type":"Feature","geometry":{"type":"LineString","coordinates":[[66.49,1.33],[66.87,1.07]]},"properties":{"LABEL":"Divergent Boundary"}},{"type":"Feature","geometry":{"type":"LineString","coordinates":[[-85.39,0.83],[-85.35,1.64]]},"properties":{"LABEL":"Transform Boundary"}},{"type":"Feature","geometry":{"type":"LineString","coordinates":[[-90.66,1.12],[-85.39,0.83]]},"properties":{"LABEL":"Divergent Boundary"}},{"type":"Feature","geometry":{"type":"LineString","coordinates":[[-29.92,0.8],[-26.47,1.16]]},"properties":{"LABEL":"Transform Boundary"}},{"type":"Feature","geometry":{"type":"LineString","coordinates":[[-30.03,1.61],[-29.92,0.8]]},"properties":{"LABEL":"Divergent Boundary"}},{"type":"Feature","geometry":{"type":"LineString","coordinates":[[66.87,1.07],[66.66,0.72]]},"properties":{"LABEL":"Transform Boundary"}},{"type":"Feature","geometry":{"type":"LineString","coordinates":[[-102.18,1.13],[-102.24,0.71]]},"properties":{"LABEL":"Divergent Boundary"}},{"type":"Feature","geometry":{"type":"LineString","coordinates":[[-102.24,0.71],[-102.21,0.71]]},"properties":{"LABEL":"Transform Boundary"}},{"type":"Feature","geometry":{"type":"LineString","coordinates":[[-26.29,0.5],[-25.03,0.61]]},"properties":{"LABEL":"Transform Boundary"}},{"type":"Feature","geometry":{"type":"LineString","coordinates":[[-26.47,1.16],[-26.29,0.5]]},"properties":{"LABEL":"Divergent Boundary"}},{"type":"Feature","geometry":{"type":"LineString","coordinates":[[66.66,0.72],[67.16,0.34]]},"properties":{"LABEL":"Divergent Boundary"}},{"type":"Feature","geometry":{"type":"LineString","coordinates":[[67.16,0.34],[66.84,-0.04]]},"properties":{"LABEL":"Transform Boundary"}},{"type":"Feature","geometry":{"type":"LineString","coordinates":[[66.84,-0.04],[67.21,-0.34]]},"properties":{"LABEL":"Divergent Boundary"}},{"type":"Feature","geometry":{"type":"LineString","coordinates":[[-16.25,-0.56],[-16.04,-0.52]]},"properties":{"LABEL":"Transform Boundary"}},{"type":"Feature","geometry":{"type":"LineString","coordinates":[[-16.5,0.3],[-16.25,-0.56]]},"properties":{"LABEL":"Divergent Boundary"}},{"type":"Feature","geometry":{"type":"LineString","coordinates":[[67.21,-0.34],[67.02,-0.58]]},"properties":{"LABEL":"Transform Boundary"}},{"type":"Feature","geometry":{"type":"LineString","coordinates":[[67.02,-0.58],[67.66,-1.04]]},"properties":{"LABEL":"Divergent Boundary"}},{"type":"Feature","geometry":{"type":"LineString","coordinates":[[-24.61,-1.1],[-21.54,-0.68],[-16.5,0.3]]},"properties":{"LABEL":"Transform Boundary"}},{"type":"Feature","geometry":{"type":"LineString","coordinates":[[-25.03,0.61],[-24.61,-1.1]]},"properties":{"LABEL":"Divergent Boundary"}},{"type":"Feature","geometry":{"type":"LineString","coordinates":[[-15.84,-1.14],[-15.56,-1.07]]},"properties":{"LABEL":"Transform Boundary"}},{"type":"Feature","geometry":{"type":"LineString","coordinates":[[-16.04,-0.52],[-15.84,-1.14]]},"properties":{"LABEL":"Divergent Boundary"}},{"type":"Feature","geometry":{"type":"LineString","coordinates":[[138.7,-0.71],[136.94,-0.42],[134.95,0.25],[134.47,0.26],[133.46,-0.05]]},"properties":{"LABEL":"Convergent Boundary"}},{"type":"Feature","geometry":{"type":"LineString","coordinates":[[-102.21,0.71],[-102.52,-1.28]]},"properties":{"LABEL":"Divergent Boundary"}},{"type":"Feature","geometry":{"type":"LineString","coordinates":[[-102.52,-1.28],[-102.4,-1.28]]},"properties":{"LABEL":"Transform Boundary"}},{"type":"Feature","geometry":{"type":"LineString","coordinates":[[67.66,-1.04],[67.37,-1.44]]},"properties":{"LABEL":"Transform Boundary"}},{"type":"Feature","geometry":{"type":"LineString","coordinates":[[-15.41,-1.49],[-13.16,-0.92]]},"properties":{"LABEL":"Transform Boundary"}},{"type":"Feature","geometry":{"type":"LineString","coordinates":[[-15.56,-1.07],[-15.41,-1.49]]},"properties":{"LABEL":"Divergent Boundary"}},{"type":"Feature","geometry":{"type":"LineString","coordinates":[[-102.4,-1.28],[-102.46,-1.53]]},"properties":{"LABEL":"Divergent Boundary"}},{"type":"Feature","geometry":{"type":"LineString","coordinates":[[-102.46,-1.53],[-102.31,-1.6]]},"properties":{"LABEL":"Transform Boundary"}},{"type":"Feature","geometry":{"type":"LineString","coordinates":[[-102.31,-1.6],[-102.4,-1.91]]},"properties":{"LABEL":"Divergent Boundary"}},{"type":"Feature","geometry":{"type":"LineString","coordinates":[[-102.4,-1.91],[-102.62,-1.91]]},"properties":{"LABEL":"Transform Boundary"}},{"type":"Feature","geometry":{"type":"LineString","coordinates":[[67.37,-1.44],[67.93,-1.91]]},"properties":{"LABEL":"Divergent Boundary"}},{"type":"Feature","geometry":{"type":"LineString","coordinates":[[67.93,-1.91],[67.79,-2.09]]},"properties":{"LABEL":"Transform Boundary"}},{"type":"Feature","geometry":{"type":"LineString","coordinates":[[-12.7,-2.1],[-12.16,-1.95]]},"properties":{"LABEL":"Transform Boundary"}},{"type":"Feature","geometry":{"type":"LineString","coordinates":[[-13.16,-0.92],[-12.7,-2.1]]},"properties":{"LABEL":"Divergent Boundary"}},{"type":"Feature","geometry":{"type":"LineString","coordinates":[[67.79,-2.09],[68.25,-2.54]]},"properties":{"LABEL":"Divergent Boundary"}},{"type":"Feature","geometry":{"type":"LineString","coordinates":[[143.11,-2.61],[141.64,-1.79],[138.69,-0.71]]},"properties":{"LABEL":"Convergent Boundary"}},{"type":"Feature","geometry":{"type":"LineString","coordinates":[[68.25,-2.54],[67.89,-2.89]]},"properties":{"LABEL":"Transform Boundary"}},{"type":"Feature","geometry":{"type":"LineString","coordinates":[[-102.62,-1.91],[-102.75,-2.93]]},"properties":{"LABEL":"Divergent Boundary"}},{"type":"Feature","geometry":{"type":"LineString","coordinates":[[-102.75,-2.93],[-102.57,-2.94]]},"properties":{"LABEL":"Transform Boundary"}},{"type":"Feature","geometry":{"type":"LineString","coordinates":[[-78.63,7.12],[-78.04,6.07],[-77.95,5.51],[-78.07,4.85],[-78.65,3.41],[-80.28,1.56],[-81.22,-0.27],[-81.59,-1.8],[-81.59,-3.23]]},"properties":{"LABEL":"Convergent Boundary"}},{"type":"Feature","geometry":{"type":"LineString","coordinates":[[144.31,-4.07],[145.41,-5.48],[146.36,-6.39],[147.26,-7.06],[147.9,-7.32],[148.56,-7.41]]},"properties":{"LABEL":"Convergent Boundary"}},{"type":"Feature","geometry":{"type":"LineString","coordinates":[[67.89,-2.89],[68.67,-3.77]]},"properties":{"LABEL":"Divergent Boundary"}},{"type":"Feature","geometry":{"type":"LineString","coordinates":[[-12.16,-1.95],[-11.83,-2.86],[-12.03,-3.01],[-11.77,-3.97]]},"properties":{"LABEL":"Divergent Boundary"}},{"type":"Feature","geometry":{"type":"LineString","coordinates":[[-102.57,-2.94],[-102.74,-4.06]]},"properties":{"LABEL":"Divergent Boundary"}},{"type":"Feature","geometry":{"type":"LineString","coordinates":[[-102.74,-4.06],[-104.54,-3.84]]},"properties":{"LABEL":"Transform Boundary"}},{"type":"Feature","geometry":{"type":"LineString","coordinates":[[-11.77,-3.97],[-12.1,-4.1]]},"properties":{"LABEL":"Transform Boundary"}},{"type":"Feature","geometry":{"type":"LineString","coordinates":[[68.67,-3.77],[68.35,-4.12]]},"properties":{"LABEL":"Transform Boundary"}},{"type":"Feature","geometry":{"type":"LineString","coordinates":[[-104.54,-3.84],[-104.7,-4.15]]},"properties":{"LABEL":"Divergent Boundary"}},{"type":"Feature","geometry":{"type":"LineString","coordinates":[[-104.7,-4.15],[-105.38,-4.08]]},"properties":{"LABEL":"Transform Boundary"}},{"type":"Feature","geometry":{"type":"LineString","coordinates":[[68.35,-4.12],[68.75,-4.55]]},"properties":{"LABEL":"Divergent Boundary"}},{"type":"Feature","geometry":{"type":"LineString","coordinates":[[-105.38,-4.08],[-105.54,-4.57]]},"properties":{"LABEL":"Divergent Boundary"}},{"type":"Feature","geometry":{"type":"LineString","coordinates":[[-105.54,-4.57],[-106.25,-4.49]]},"properties":{"LABEL":"Transform Boundary"}},{"type":"Feature","geometry":{"type":"LineString","coordinates":[[-12.1,-4.1],[-12.04,-4.59]]},"properties":{"LABEL":"Divergent Boundary"}},{"type":"Feature","geometry":{"type":"LineString","coordinates":[[-12.04,-4.59],[-12.14,-4.61]]},"properties":{"LABEL":"Transform Boundary"}},{"type":"Feature","geometry":{"type":"LineString","coordinates":[[-12.02,-5.03],[-11.6,-4.94]]},"properties":{"LABEL":"Transform Boundary"}},{"type":"Feature","geometry":{"type":"LineString","coordinates":[[-12.14,-4.61],[-12.02,-5.03]]},"properties":{"LABEL":"Divergent Boundary"}},{"type":"Feature","geometry":{"type":"LineString","coordinates":[[68.75,-4.55],[68.2,-5.04]]},"properties":{"LABEL":"Transform Boundary"}},{"type":"Feature","geometry":{"type":"LineString","coordinates":[[-11.52,-5.41],[-11.17,-5.38]]},"properties":{"LABEL":"Transform Boundary"}},{"type":"Feature","geometry":{"type":"LineString","coordinates":[[-11.6,-4.94],[-11.52,-5.41]]},"properties":{"LABEL":"Divergent Boundary"}},{"type":"Feature","geometry":{"type":"LineString","coordinates":[[68.2,-5.04],[68.61,-5.47]]},"properties":{"LABEL":"Divergent Boundary"}},{"type":"Feature","geometry":{"type":"LineString","coordinates":[[-106.25,-4.49],[-106.59,-5.62]]},"properties":{"LABEL":"Divergent Boundary"}},{"type":"Feature","geometry":{"type":"LineString","coordinates":[[-106.59,-5.62],[-106.74,-5.62]]},"properties":{"LABEL":"Transform Boundary"}},{"type":"Feature","geometry":{"type":"LineString","coordinates":[[-11.17,-5.38],[-11.02,-5.93]]},"properties":{"LABEL":"Divergent Boundary"}},{"type":"Feature","geometry":{"type":"LineString","coordinates":[[-106.74,-5.62],[-106.75,-6.02]]},"properties":{"LABEL":"Divergent Boundary"}},{"type":"Feature","geometry":{"type":"LineString","coordinates":[[-106.75,-6.02],[-106.85,-6.02]]},"properties":{"LABEL":"Transform Boundary"}},{"type":"Feature","geometry":{"type":"LineString","coordinates":[[-11.02,-5.93],[-11.27,-6.02]]},"properties":{"LABEL":"Transform Boundary"}},{"type":"Feature","geometry":{"type":"LineString","coordinates":[[68.61,-5.47],[67.78,-6.26]]},"properties":{"LABEL":"Transform Boundary"}},{"type":"Feature","geometry":{"type":"LineString","coordinates":[[-106.85,-6.02],[-106.95,-6.44]]},"properties":{"LABEL":"Divergent Boundary"}},{"type":"Feature","geometry":{"type":"LineString","coordinates":[[-106.95,-6.44],[-107.44,-6.37]]},"properties":{"LABEL":"Transform Boundary"}},{"type":"Feature","geometry":{"type":"LineString","coordinates":[[-11.27,-6.02],[-11.18,-6.76]]},"properties":{"LABEL":"Divergent Boundary"}},{"type":"Feature","geometry":{"type":"LineString","coordinates":[[67.78,-6.26],[68.27,-6.81]]},"properties":{"LABEL":"Divergent Boundary"}},{"type":"Feature","geometry":{"type":"LineString","coordinates":[[68.27,-6.81],[67.81,-7.25]]},"properties":{"LABEL":"Transform Boundary"}},{"type":"Feature","geometry":{"type":"LineString","coordinates":[[153.93,-6.26],[154.93,-7.29]]},"properties":{"LABEL":"Convergent Boundary"}},{"type":"Feature","geometry":{"type":"LineString","coordinates":[[-11.18,-6.76],[-13.62,-7.37]]},"properties":{"LABEL":"Transform Boundary"}},{"type":"Feature","geometry":{"type":"LineString","coordinates":[[148.59,-7.39],[149.31,-7.03],[150.66,-6.69],[152.64,-5.75],[153.01,-5.76],[153.93,-6.26]]},"properties":{"LABEL":"Convergent Boundary"}},{"type":"Feature","geometry":{"type":"LineString","coordinates":[[154.93,-7.29],[155.45,-7.49]]},"properties":{"LABEL":"Convergent Boundary"}},{"type":"Feature","geometry":{"type":"LineString","coordinates":[[67.81,-7.25],[68.07,-7.65]]},"properties":{"LABEL":"Divergent Boundary"}},{"type":"Feature","geometry":{"type":"LineString","coordinates":[[68.07,-7.65],[67.64,-8.03]]},"properties":{"LABEL":"Transform Boundary"}},{"type":"Feature","geometry":{"type":"LineString","coordinates":[[155.45,-7.49],[156.42,-8.12]]},"properties":{"LABEL":"Convergent Boundary"}},{"type":"Feature","geometry":{"type":"LineString","coordinates":[[-13.36,-8.41],[-13.19,-8.37]]},"properties":{"LABEL":"Transform Boundary"}},{"type":"Feature","geometry":{"type":"LineString","coordinates":[[-13.62,-7.37],[-13.36,-8.41]]},"properties":{"LABEL":"Divergent Boundary"}},{"type":"Feature","geometry":{"type":"LineString","coordinates":[[67.64,-8.03],[68.04,-8.49]]},"properties":{"LABEL":"Divergent Boundary"}},{"type":"Feature","geometry":{"type":"LineString","coordinates":[[-107.44,-6.37],[-107.65,-7.19],[-108.19,-8.36],[-108.32,-9.15]]},"properties":{"LABEL":"Divergent Boundary"}},{"type":"Feature","geometry":{"type":"LineString","coordinates":[[-108.32,-9.15],[-109.76,-8.93]]},"properties":{"LABEL":"Transform Boundary"}},{"type":"Feature","geometry":{"type":"LineString","coordinates":[[-13.19,-8.37],[-13.02,-9.23]]},"properties":{"LABEL":"Divergent Boundary"}},{"type":"Feature","geometry":{"type":"LineString","coordinates":[[68.04,-8.49],[67.09,-9.27]]},"properties":{"LABEL":"Transform Boundary"}},{"type":"Feature","geometry":{"type":"LineString","coordinates":[[-13.02,-9.23],[-13.25,-9.28]]},"properties":{"LABEL":"Transform Boundary"}},{"type":"Feature","geometry":{"type":"LineString","coordinates":[[67.09,-9.27],[67.38,-9.63]]},"properties":{"LABEL":"Divergent Boundary"}},{"type":"Feature","geometry":{"type":"LineString","coordinates":[[-109.76,-8.93],[-109.86,-9.68]]},"properties":{"LABEL":"Divergent Boundary"}},{"type":"Feature","geometry":{"type":"LineString","coordinates":[[-109.86,-9.68],[-110.07,-9.66]]},"properties":{"LABEL":"Transform Boundary"}},{"type":"Feature","geometry":{"type":"LineString","coordinates":[[-13.25,-9.28],[-13.17,-9.79]]},"properties":{"LABEL":"Divergent Boundary"}},{"type":"Feature","geometry":{"type":"LineString","coordinates":[[-13.17,-9.79],[-13.31,-9.82]]},"properties":{"LABEL":"Transform Boundary"}},{"type":"Feature","geometry":{"type":"LineString","coordinates":[[67.38,-9.63],[66.46,-10.35]]},"properties":{"LABEL":"Transform Boundary"}},{"type":"Feature","geometry":{"type":"LineString","coordinates":[[66.46,-10.35],[66.79,-10.76]]},"properties":{"LABEL":"Divergent Boundary"}},{"type":"Feature","geometry":{"type":"LineString","coordinates":[[-110.07,-9.66],[-110.29,-10.8]]},"properties":{"LABEL":"Divergent Boundary"}},{"type":"Feature","geometry":{"type":"LineString","coordinates":[[-110.29,-10.8],[-110.45,-10.82]]},"properties":{"LABEL":"Transform Boundary"}},{"type":"Feature","geometry":{"type":"LineString","coordinates":[[66.79,-10.76],[66.17,-11.21]]},"properties":{"LABEL":"Transform Boundary"}},{"type":"Feature","geometry":{"type":"LineString","coordinates":[[-13.31,-9.82],[-13.03,-11.42]]},"properties":{"LABEL":"Divergent Boundary"}},{"type":"Feature","geometry":{"type":"LineString","coordinates":[[156.42,-8.12],[157.18,-8.75],[159.06,-9.72],[161.13,-11.13],[161.55,-11.28],[162.5,-11.34]]},"properties":{"LABEL":"Convergent Boundary"}},{"type":"Feature","geometry":{"type":"LineString","coordinates":[[66.17,-11.21],[66.42,-11.56]]},"properties":{"LABEL":"Divergent Boundary"}},{"type":"Feature","geometry":{"type":"LineString","coordinates":[[-13.03,-11.42],[-15.01,-11.89]]},"properties":{"LABEL":"Transform Boundary"}},{"type":"Feature","geometry":{"type":"LineString","coordinates":[[66.42,-11.56],[65.7,-12.02]]},"properties":{"LABEL":"Transform Boundary"}},{"type":"Feature","geometry":{"type":"LineString","coordinates":[[-14.91,-12.34],[-14.86,-12.32]]},"properties":{"LABEL":"Transform Boundary"}},{"type":"Feature","geometry":{"type":"LineString","coordinates":[[-15.01,-11.89],[-14.91,-12.34]]},"properties":{"LABEL":"Divergent Boundary"}},{"type":"Feature","geometry":{"type":"LineString","coordinates":[[-14.79,-12.66],[-14.55,-12.58]]},"properties":{"LABEL":"Transform Boundary"}},{"type":"Feature","geometry":{"type":"LineString","coordinates":[[-14.86,-12.32],[-14.79,-12.66]]},"properties":{"LABEL":"Divergent Boundary"}},{"type":"Feature","geometry":{"type":"LineString","coordinates":[[-110.45,-10.82],[-110.49,-11.39],[-110.68,-11.47],[-110.93,-11.97],[-111.08,-12.74]]},"properties":{"LABEL":"Divergent Boundary"}},{"type":"Feature","geometry":{"type":"LineString","coordinates":[[-111.08,-12.74],[-110.89,-12.76]]},"properties":{"LABEL":"Transform Boundary"}},{"type":"Feature","geometry":{"type":"LineString","coordinates":[[65.7,-12.02],[66.37,-12.83]]},"properties":{"LABEL":"Divergent Boundary"}},{"type":"Feature","geometry":{"type":"LineString","coordinates":[[-14.55,-12.58],[-14.41,-13.22]]},"properties":{"LABEL":"Divergent Boundary"}},{"type":"Feature","geometry":{"type":"LineString","coordinates":[[-14.41,-13.22],[-14.6,-13.27]]},"properties":{"LABEL":"Transform Boundary"}},{"type":"Feature","geometry":{"type":"LineString","coordinates":[[66.37,-12.83],[65.82,-13.27]]},"properties":{"LABEL":"Transform Boundary"}},{"type":"Feature","geometry":{"type":"LineString","coordinates":[[-110.89,-12.76],[-111.01,-13.41]]},"properties":{"LABEL":"Divergent Boundary"}},{"type":"Feature","geometry":{"type":"LineString","coordinates":[[-111.01,-13.41],[-111.19,-13.4]]},"properties":{"LABEL":"Transform Boundary"}},{"type":"Feature","geometry":{"type":"LineString","coordinates":[[-111.19,-13.4],[-111.27,-13.54]]},"properties":{"LABEL":"Divergent Boundary"}},{"type":"Feature","geometry":{"type":"LineString","coordinates":[[-111.27,-13.54],[-112.43,-13.39]]},"properties":{"LABEL":"Transform Boundary"}},{"type":"Feature","geometry":{"type":"LineString","coordinates":[[65.82,-13.27],[66.21,-13.78]]},"properties":{"LABEL":"Divergent Boundary"}},{"type":"Feature","geometry":{"type":"LineString","coordinates":[[164.58,-10.9],[165.12,-11.18],[165.54,-11.67],[166.15,-13.78]]},"properties":{"LABEL":"Convergent Boundary"}},{"type":"Feature","geometry":{"type":"LineString","coordinates":[[66.21,-13.78],[65.93,-13.98]]},"properties":{"LABEL":"Transform Boundary"}},{"type":"Feature","geometry":{"type":"LineString","coordinates":[[-14.48,-14.21],[-13.64,-14.03]]},"properties":{"LABEL":"Transform Boundary"}},{"type":"Feature","geometry":{"type":"LineString","coordinates":[[-14.6,-13.27],[-14.48,-14.21]]},"properties":{"LABEL":"Divergent Boundary"}},{"type":"Feature","geometry":{"type":"LineString","coordinates":[[-174.75,-14.33],[-174.08,-14.38],[-173.84,-14.53]]},"properties":{"LABEL":"Transform Boundary"}},{"type":"Feature","geometry":{"type":"LineString","coordinates":[[-173.84,-14.53],[-173.41,-14.58]]},"properties":{"LABEL":"Transform Boundary"}},{"type":"Feature","geometry":{"type":"LineString","coordinates":[[-112.43,-13.39],[-112.61,-14.72]]},"properties":{"LABEL":"Divergent Boundary"}},{"type":"Feature","geometry":{"type":"LineString","coordinates":[[-112.61,-14.72],[-112.77,-14.7]]},"properties":{"LABEL":"Transform Boundary"}},{"type":"Feature","geometry":{"type":"LineString","coordinates":[[-13.64,-14.03],[-13.23,-15.66]]},"properties":{"LABEL":"Divergent Boundary"}},{"type":"Feature","geometry":{"type":"LineString","coordinates":[[-13.23,-15.66],[-13.38,-15.69]]},"properties":{"LABEL":"Transform Boundary"}},{"type":"Feature","geometry":{"type":"LineString","coordinates":[[-81.6,-3.24],[-81.93,-3.72],[-82.0,-5.25],[-81.95,-6.0],[-81.38,-7.99],[-80.7,-9.43],[-79.62,-11.29],[-78.15,-13.39],[-75.92,-15.74]]},"properties":{"LABEL":"Convergent Boundary"}},{"type":"Feature","geometry":{"type":"LineString","coordinates":[[65.93,-13.98],[67.38,-15.94]]},"properties":{"LABEL":"Divergent Boundary"}},{"type":"Feature","geometry":{"type":"LineString","coordinates":[[67.38,-15.94],[67.03,-16.14]]},"properties":{"LABEL":"Transform Boundary"}},{"type":"Feature","geometry":{"type":"LineString","coordinates":[[-13.38,-15.69],[-13.24,-16.21]]},"properties":{"LABEL":"Divergent Boundary"}},{"type":"Feature","geometry":{"type":"LineString","coordinates":[[-112.77,-14.7],[-113.07,-16.35]]},"properties":{"LABEL":"Divergent Boundary"}},{"type":"Feature","geometry":{"type":"LineString","coordinates":[[-113.07,-16.35],[-112.97,-16.36]]},"properties":{"LABEL":"Transform Boundary"}},{"type":"Feature","geometry":{"type":"LineString","coordinates":[[-13.24,-16.21],[-14.3,-16.43]]},"properties":{"LABEL":"Transform Boundary"}},{"type":"Feature","geometry":{"type":"LineString","coordinates":[[67.03,-16.14],[67.41,-16.66]]},"properties":{"LABEL":"Divergent Boundary"}},{"type":"Feature","geometry":{"type":"LineString","coordinates":[[-112.97,-16.36],[-113.17,-16.67]]},"properties":{"LABEL":"Divergent Boundary"}},{"type":"Feature","geometry":{"type":"LineString","coordinates":[[-113.17,-16.67],[-113.04,-16.68]]},"properties":{"LABEL":"Transform Boundary"}},{"type":"Feature","geometry":{"type":"LineString","coordinates":[[-14.3,-16.43],[-14.24,-16.76]]},"properties":{"LABEL":"Divergent Boundary"}},{"type":"Feature","geometry":{"type":"LineString","coordinates":[[-14.24,-16.76],[-14.37,-16.78]]},"properties":{"LABEL":"Transform Boundary"}},{"type":"Feature","geometry":{"type":"LineString","coordinates":[[-113.04,-16.68],[-113.24,-17.05]]},"properties":{"LABEL":"Divergent Boundary"}},{"type":"Feature","geometry":{"type":"LineString","coordinates":[[-113.24,-17.05],[-113.12,-17.07]]},"properties":{"LABEL":"Transform Boundary"}},{"type":"Feature","geometry":{"type":"LineString","coordinates":[[-113.12,-17.07],[-113.33,-17.52]]},"properties":{"LABEL":"Divergent Boundary"}},{"type":"Feature","geometry":{"type":"LineString","coordinates":[[-113.33,-17.52],[-113.17,-17.54]]},"properties":{"LABEL":"Transform Boundary"}},{"type":"Feature","geometry":{"type":"LineString","coordinates":[[-113.17,-17.54],[-113.39,-17.99]]},"properties":{"LABEL":"Divergent Boundary"}},{"type":"Feature","geometry":{"type":"LineString","coordinates":[[-14.08,-18.0],[-12.96,-17.79]]},"properties":{"LABEL":"Transform Boundary"}},{"type":"Feature","geometry":{"type":"LineString","coordinates":[[-14.37,-16.78],[-14.08,-18.0]]},"properties":{"LABEL":"Divergent Boundary"}},{"type":"Feature","geometry":{"type":"LineString","coordinates":[[-113.39,-17.99],[-113.26,-18.01]]},"properties":{"LABEL":"Transform Boundary"}},{"type":"Feature","geometry":{"type":"LineString","coordinates":[[67.41,-16.66],[65.01,-18.06]]},"properties":{"LABEL":"Transform Boundary"}},{"type":"Feature","geometry":{"type":"LineString","coordinates":[[-113.26,-18.01],[-113.52,-18.76]]},"properties":{"LABEL":"Divergent Boundary"}},{"type":"Feature","geometry":{"type":"LineString","coordinates":[[-113.52,-18.76],[-113.36,-18.78]]},"properties":{"LABEL":"Transform Boundary"}},{"type":"Feature","geometry":{"type":"LineString","coordinates":[[-12.76,-18.78],[-12.48,-18.75]]},"properties":{"LABEL":"Transform Boundary"}},{"type":"Feature","geometry":{"type":"LineString","coordinates":[[-12.96,-17.79],[-12.76,-18.78]]},"properties":{"LABEL":"Divergent Boundary"}},{"type":"Feature","geometry":{"type":"LineString","coordinates":[[-113.36,-18.78],[-113.62,-19.28]]},"properties":{"LABEL":"Divergent Boundary"}},{"type":"Feature","geometry":{"type":"LineString","coordinates":[[-113.62,-19.28],[-113.5,-19.3]]},"properties":{"LABEL":"Transform Boundary"}},{"type":"Feature","geometry":{"type":"LineString","coordinates":[[-12.26,-19.93],[-11.94,-19.83]]},"properties":{"LABEL":"Transform Boundary"}},{"type":"Feature","geometry":{"type":"LineString","coordinates":[[-12.48,-18.75],[-12.26,-19.93]]},"properties":{"LABEL":"Divergent Boundary"}},{"type":"Feature","geometry":{"type":"LineString","coordinates":[[66.43,-20.08],[66.75,-19.87]]},"properties":{"LABEL":"Transform Boundary"}},{"type":"Feature","geometry":{"type":"LineString","coordinates":[[65.01,-18.06],[66.43,-20.08]]},"properties":{"LABEL":"Divergent Boundary"}},{"type":"Feature","geometry":{"type":"LineString","coordinates":[[67.04,-20.22],[67.31,-20.07]]},"properties":{"LABEL":"Transform Boundary"}},{"type":"Feature","geometry":{"type":"LineString","coordinates":[[66.75,-19.87],[67.04,-20.22]]},"properties":{"LABEL":"Divergent Boundary"}},{"type":"Feature","geometry":{"type":"LineString","coordinates":[[-11.94,-19.83],[-11.85,-20.28]]},"properties":{"LABEL":"Divergent Boundary"}},{"type":"Feature","geometry":{"type":"LineString","coordinates":[[-11.85,-20.28],[-11.97,-20.3]]},"properties":{"LABEL":"Transform Boundary"}},{"type":"Feature","geometry":{"type":"LineString","coordinates":[[67.59,-20.37],[67.77,-20.28]]},"properties":{"LABEL":"Transform Boundary"}},{"type":"Feature","geometry":{"type":"LineString","coordinates":[[67.31,-20.07],[67.59,-20.37]]},"properties":{"LABEL":"Divergent Boundary"}},{"type":"Feature","geometry":{"type":"LineString","coordinates":[[67.9,-20.47],[68.21,-20.29]]},"properties":{"LABEL":"Transform Boundary"}},{"type":"Feature","geometry":{"type":"LineString","coordinates":[[67.77,-20.28],[67.9,-20.47]]},"properties":{"LABEL":"Divergent Boundary"}},{"type":"Feature","geometry":{"type":"LineString","coordinates":[[68.21,-20.29],[68.56,-20.71]]},"properties":{"LABEL":"Divergent Boundary"}},{"type":"Feature","geometry":{"type":"LineString","coordinates":[[68.56,-20.71],[68.28,-20.88]]},"properties":{"LABEL":"Transform Boundary"}},{"type":"Feature","geometry":{"type":"LineString","coordinates":[[-11.97,-20.3],[-11.76,-21.18]]},"properties":{"LABEL":"Divergent Boundary"}},{"type":"Feature","geometry":{"type":"LineString","coordinates":[[-11.76,-21.18],[-12.01,-21.21]]},"properties":{"LABEL":"Transform Boundary"}},{"type":"Feature","geometry":{"type":"LineString","coordinates":[[-12.01,-21.21],[-11.85,-21.74]]},"properties":{"LABEL":"Divergent Boundary"}},{"type":"Feature","geometry":{"type":"LineString","coordinates":[[-11.85,-21.74],[-11.94,-21.75]]},"properties":{"LABEL":"Transform Boundary"}},{"type":"Feature","geometry":{"type":"LineString","coordinates":[[-75.92,-15.74],[-72.74,-18.26],[-71.75,-19.3],[-71.36,-20.25],[-71.25,-21.26],[-71.31,-21.97]]},"properties":{"LABEL":"Convergent Boundary"}},{"type":"Feature","geometry":{"type":"LineString","coordinates":[[68.28,-20.88],[69.2,-22.09]]},"properties":{"LABEL":"Divergent Boundary"}},{"type":"Feature","geometry":{"type":"LineString","coordinates":[[-113.5,-19.3],[-113.8,-20.32],[-113.93,-20.57],[-114.09,-20.6],[-114.42,-22.11]]},"properties":{"LABEL":"Divergent Boundary"}},{"type":"Feature","geometry":{"type":"LineString","coordinates":[[-11.94,-21.75],[-11.82,-22.15]]},"properties":{"LABEL":"Divergent Boundary"}},{"type":"Feature","geometry":{"type":"LineString","coordinates":[[-11.82,-22.15],[-12.91,-22.38]]},"properties":{"LABEL":"Transform Boundary"}},{"type":"Feature","geometry":{"type":"LineString","coordinates":[[69.2,-22.09],[68.8,-22.39]]},"properties":{"LABEL":"Transform Boundary"}},{"type":"Feature","geometry":{"type":"LineString","coordinates":[[-12.91,-22.38],[-12.85,-22.63]]},"properties":{"LABEL":"Divergent Boundary"}},{"type":"Feature","geometry":{"type":"LineString","coordinates":[[-12.85,-22.63],[-13.83,-22.83]]},"properties":{"LABEL":"Transform Boundary"}},{"type":"Feature","geometry":{"type":"LineString","coordinates":[[-114.42,-22.11],[-114.57,-23.02]]},"properties":{"LABEL":"Divergent Boundary"}},{"type":"Feature","geometry":{"type":"LineString","coordinates":[[-114.57,-23.02],[-114.87,-23.04]]},"properties":{"LABEL":"Transform Boundary"}},{"type":"Feature","geometry":{"type":"LineString","coordinates":[[166.15,-13.78],[166.29,-15.89],[167.15,-17.31],[167.73,-19.24],[168.71,-21.02],[169.32,-21.91],[170.11,-22.59],[171.29,-23.07],[172.44,-23.18]]},"properties":{"LABEL":"Convergent Boundary"}},{"type":"Feature","geometry":{"type":"LineString","coordinates":[[-114.87,-23.04],[-114.96,-23.18]]},"properties":{"LABEL":"Divergent Boundary"}},{"type":"Feature","geometry":{"type":"LineString","coordinates":[[-114.96,-23.18],[-115.18,-23.24]]},"properties":{"LABEL":"Transform Boundary"}},{"type":"Feature","geometry":{"type":"LineString","coordinates":[[-115.18,-23.24],[-115.25,-23.4]]},"properties":{"LABEL":"Divergent Boundary"}},{"type":"Feature","geometry":{"type":"LineString","coordinates":[[-115.25,-23.4],[-115.6,-23.47]]},"properties":{"LABEL":"Transform Boundary"}},{"type":"Feature","geometry":{"type":"LineString","coordinates":[[-13.66,-23.54],[-13.57,-23.51]]},"properties":{"LABEL":"Transform Boundary"}},{"type":"Feature","geometry":{"type":"LineString","coordinates":[[-13.83,-22.83],[-13.66,-23.54]]},"properties":{"LABEL":"Divergent Boundary"}},{"type":"Feature","geometry":{"type":"LineString","coordinates":[[68.8,-22.39],[69.85,-23.71]]},"properties":{"LABEL":"Divergent Boundary"}},{"type":"Feature","geometry":{"type":"LineString","coordinates":[[-174.99,-23.75],[-173.95,-21.92],[-173.22,-20.2],[-172.37,-17.27],[-172.35,-15.56],[-172.6,-15.15],[-173.41,-14.58]]},"properties":{"LABEL":"Convergent Boundary"}},{"type":"Feature","geometry":{"type":"LineString","coordinates":[[-111.71,-24.03],[-111.87,-23.33],[-111.74,-23.21],[-112.21,-22.82]]},"properties":{"LABEL":"Divergent Boundary"}},{"type":"Feature","geometry":{"type":"LineString","coordinates":[[69.85,-23.71],[69.4,-24.04]]},"properties":{"LABEL":"Transform Boundary"}},{"type":"Feature","geometry":{"type":"LineString","coordinates":[[-115.6,-23.47],[-115.42,-23.88],[-115.48,-24.1]]},"properties":{"LABEL":"Divergent Boundary"}},{"type":"Feature","geometry":{"type":"LineString","coordinates":[[-112.1,-24.11],[-111.71,-24.03]]},"properties":{"LABEL":"Transform Boundary"}},{"type":"Feature","geometry":{"type":"LineString","coordinates":[[-115.48,-24.1],[-115.91,-24.24]]},"properties":{"LABEL":"Transform Boundary"}},{"type":"Feature","geometry":{"type":"LineString","coordinates":[[-115.91,-24.24],[-115.97,-24.38]]},"properties":{"LABEL":"Divergent Boundary"}},{"type":"Feature","geometry":{"type":"LineString","coordinates":[[-115.97,-24.38],[-116.18,-24.46]]},"properties":{"LABEL":"Transform Boundary"}},{"type":"Feature","geometry":{"type":"LineString","coordinates":[[69.4,-24.04],[69.94,-24.68]]},"properties":{"LABEL":"Divergent Boundary"}},{"type":"Feature","geometry":{"type":"LineString","coordinates":[[-13.57,-23.51],[-13.28,-24.78]]},"properties":{"LABEL":"Divergent Boundary"}},{"type":"Feature","geometry":{"type":"LineString","coordinates":[[-116.18,-24.46],[-116.1,-24.85]]},"properties":{"LABEL":"Divergent Boundary"}},{"type":"Feature","geometry":{"type":"LineString","coordinates":[[-13.28,-24.78],[-13.81,-24.89]]},"properties":{"LABEL":"Transform Boundary"}},{"type":"Feature","geometry":{"type":"LineString","coordinates":[[69.94,-24.68],[69.59,-24.97]]},"properties":{"LABEL":"Transform Boundary"}},{"type":"Feature","geometry":{"type":"LineString","coordinates":[[-111.98,-25.03],[-112.1,-24.11]]},"properties":{"LABEL":"Divergent Boundary"}},{"type":"Feature","geometry":{"type":"LineString","coordinates":[[-112.45,-25.06],[-111.98,-25.03]]},"properties":{"LABEL":"Transform Boundary"}},{"type":"Feature","geometry":{"type":"LineString","coordinates":[[-116.1,-24.85],[-116.49,-25.17]]},"properties":{"LABEL":"Transform Boundary"}},{"type":"Feature","geometry":{"type":"LineString","coordinates":[[69.59,-24.97],[70.09,-25.48]]},"properties":{"LABEL":"Divergent Boundary"}},{"type":"Feature","geometry":{"type":"LineString","coordinates":[[-13.81,-24.89],[-13.66,-25.65]]},"properties":{"LABEL":"Divergent Boundary"}},{"type":"Feature","geometry":{"type":"LineString","coordinates":[[70.09,-25.48],[69.96,-25.65]]},"properties":{"LABEL":"Transform Boundary"}},{"type":"Feature","geometry":{"type":"LineString","coordinates":[[69.49,-25.68],[69.96,-25.65]]},"properties":{"LABEL":"Divergent Boundary"}},{"type":"Feature","geometry":{"type":"LineString","coordinates":[[-13.66,-25.65],[-14.05,-25.74]]},"properties":{"LABEL":"Transform Boundary"}},{"type":"Feature","geometry":{"type":"LineString","coordinates":[[69.46,-25.78],[69.49,-25.68]]},"properties":{"LABEL":"Transform Boundary"}},{"type":"Feature","geometry":{"type":"LineString","coordinates":[[69.14,-25.78],[69.46,-25.78]]},"properties":{"LABEL":"Divergent Boundary"}},{"type":"Feature","geometry":{"type":"LineString","coordinates":[[-112.46,-25.79],[-112.36,-25.66],[-112.45,-25.06]]},"properties":{"LABEL":"Divergent Boundary"}},{"type":"Feature","geometry":{"type":"LineString","coordinates":[[-112.54,-25.79],[-112.46,-25.79]]},"properties":{"LABEL":"Transform Boundary"}},{"type":"Feature","geometry":{"type":"LineString","coordinates":[[-112.55,-25.93],[-112.54,-25.79]]},"properties":{"LABEL":"Divergent Boundary"}},{"type":"Feature","geometry":{"type":"LineString","coordinates":[[-112.62,-25.93],[-112.55,-25.93]]},"properties":{"LABEL":"Transform Boundary"}},{"type":"Feature","geometry":{"type":"LineString","coordinates":[[69.15,-25.99],[69.14,-25.78]]},"properties":{"LABEL":"Transform Boundary"}},{"type":"Feature","geometry":{"type":"LineString","coordinates":[[68.83,-26.01],[69.15,-25.99]]},"properties":{"LABEL":"Divergent Boundary"}},{"type":"Feature","geometry":{"type":"LineString","coordinates":[[70.41,-26.06],[70.67,-25.91]]},"properties":{"LABEL":"Transform Boundary"}},{"type":"Feature","geometry":{"type":"LineString","coordinates":[[69.96,-25.65],[70.41,-26.06]]},"properties":{"LABEL":"Divergent Boundary"}},{"type":"Feature","geometry":{"type":"LineString","coordinates":[[68.82,-26.14],[68.83,-26.01]]},"properties":{"LABEL":"Transform Boundary"}},{"type":"Feature","geometry":{"type":"LineString","coordinates":[[68.6,-26.12],[68.82,-26.14]]},"properties":{"LABEL":"Divergent Boundary"}},{"type":"Feature","geometry":{"type":"LineString","coordinates":[[70.99,-26.19],[71.14,-26.08]]},"properties":{"LABEL":"Transform Boundary"}},{"type":"Feature","geometry":{"type":"LineString","coordinates":[[70.67,-25.91],[70.99,-26.19]]},"properties":{"LABEL":"Divergent Boundary"}},{"type":"Feature","geometry":{"type":"LineString","coordinates":[[68.62,-26.26],[68.6,-26.12]]},"properties":{"LABEL":"Transform Boundary"}},{"type":"Feature","geometry":{"type":"LineString","coordinates":[[67.98,-26.29],[68.62,-26.26]]},"properties":{"LABEL":"Divergent Boundary"}},{"type":"Feature","geometry":{"type":"LineString","coordinates":[[71.58,-26.45],[71.72,-26.39]]},"properties":{"LABEL":"Transform Boundary"}},{"type":"Feature","geometry":{"type":"LineString","coordinates":[[71.14,-26.08],[71.58,-26.45]]},"properties":{"LABEL":"Divergent Boundary"}},{"type":"Feature","geometry":{"type":"LineString","coordinates":[[67.96,-26.58],[67.98,-26.29]]},"properties":{"LABEL":"Transform Boundary"}},{"type":"Feature","geometry":{"type":"LineString","coordinates":[[67.43,-26.57],[67.96,-26.58]]},"properties":{"LABEL":"Divergent Boundary"}},{"type":"Feature","geometry":{"type":"LineString","coordinates":[[-13.82,-26.59],[-13.69,-26.56]]},"properties":{"LABEL":"Transform Boundary"}},{"type":"Feature","geometry":{"type":"LineString","coordinates":[[-14.05,-25.74],[-13.82,-26.59]]},"properties":{"LABEL":"Divergent Boundary"}},{"type":"Feature","geometry":{"type":"LineString","coordinates":[[71.72,-26.39],[72.07,-26.66]]},"properties":{"LABEL":"Divergent Boundary"}},{"type":"Feature","geometry":{"type":"LineString","coordinates":[[72.07,-26.66],[72.01,-26.72]]},"properties":{"LABEL":"Transform Boundary"}},{"type":"Feature","geometry":{"type":"LineString","coordinates":[[-116.49,-25.17],[-115.11,-26.6],[-113.94,-26.79]]},"properties":{"LABEL":"Divergent Boundary"}},{"type":"Feature","geometry":{"type":"LineString","coordinates":[[-112.68,-26.8],[-112.62,-25.93]]},"properties":{"LABEL":"Divergent Boundary"}},{"type":"Feature","geometry":{"type":"LineString","coordinates":[[-112.95,-26.72],[-112.68,-26.8]]},"properties":{"LABEL":"Transform Boundary"}},{"type":"Feature","geometry":{"type":"LineString","coordinates":[[-112.98,-26.83],[-112.95,-26.72]]},"properties":{"LABEL":"Divergent Boundary"}},{"type":"Feature","geometry":{"type":"LineString","coordinates":[[-113.94,-26.79],[-112.98,-26.83]]},"properties":{"LABEL":"Transform Boundary"}},{"type":"Feature","geometry":{"type":"LineString","coordinates":[[67.42,-26.87],[67.43,-26.57]]},"properties":{"LABEL":"Transform Boundary"}},{"type":"Feature","geometry":{"type":"LineString","coordinates":[[67.16,-26.87],[67.42,-26.87]]},"properties":{"LABEL":"Divergent Boundary"}},{"type":"Feature","geometry":{"type":"LineString","coordinates":[[67.13,-27.27],[67.16,-26.87]]},"properties":{"LABEL":"Transform Boundary"}},{"type":"Feature","geometry":{"type":"LineString","coordinates":[[66.37,-27.28],[67.13,-27.27]]},"properties":{"LABEL":"Divergent Boundary"}},{"type":"Feature","geometry":{"type":"LineString","coordinates":[[66.36,-27.51],[66.37,-27.28]]},"properties":{"LABEL":"Transform Boundary"}},{"type":"Feature","geometry":{"type":"LineString","coordinates":[[65.35,-27.51],[66.36,-27.51]]},"properties":{"LABEL":"Divergent Boundary"}},{"type":"Feature","geometry":{"type":"LineString","coordinates":[[72.92,-27.57],[73.12,-27.45]]},"properties":{"LABEL":"Transform Boundary"}},{"type":"Feature","geometry":{"type":"LineString","coordinates":[[72.01,-26.72],[72.92,-27.57]]},"properties":{"LABEL":"Divergent Boundary"}},{"type":"Feature","geometry":{"type":"LineString","coordinates":[[-112.98,-26.83],[-113.11,-27.01],[-113.13,-27.58]]},"properties":{"LABEL":"Divergent Boundary"}},{"type":"Feature","geometry":{"type":"LineString","coordinates":[[-113.13,-27.58],[-113.0,-27.61]]},"properties":{"LABEL":"Transform Boundary"}},{"type":"Feature","geometry":{"type":"LineString","coordinates":[[73.4,-27.66],[73.53,-27.57]]},"properties":{"LABEL":"Transform Boundary"}},{"type":"Feature","geometry":{"type":"LineString","coordinates":[[73.12,-27.45],[73.4,-27.66]]},"properties":{"LABEL":"Divergent Boundary"}},{"type":"Feature","geometry":{"type":"LineString","coordinates":[[65.33,-27.81],[65.35,-27.51]]},"properties":{"LABEL":"Transform Boundary"}},{"type":"Feature","geometry":{"type":"LineString","coordinates":[[63.6,-27.83],[65.33,-27.81]]},"properties":{"LABEL":"Divergent Boundary"}},{"type":"Feature","geometry":{"type":"LineString","coordinates":[[63.62,-28.04],[63.6,-27.83]]},"properties":{"LABEL":"Transform Boundary"}},{"type":"Feature","geometry":{"type":"LineString","coordinates":[[63.19,-28.02],[63.62,-28.04]]},"properties":{"LABEL":"Divergent Boundary"}},{"type":"Feature","geometry":{"type":"LineString","coordinates":[[63.21,-28.16],[63.19,-28.02]]},"properties":{"LABEL":"Transform Boundary"}},{"type":"Feature","geometry":{"type":"LineString","coordinates":[[62.7,-28.15],[63.21,-28.16]]},"properties":{"LABEL":"Divergent Boundary"}},{"type":"Feature","geometry":{"type":"LineString","coordinates":[[73.53,-27.57],[74.41,-28.32]]},"properties":{"LABEL":"Divergent Boundary"}},{"type":"Feature","geometry":{"type":"LineString","coordinates":[[-13.27,-28.32],[-12.75,-28.21]]},"properties":{"LABEL":"Transform Boundary"}},{"type":"Feature","geometry":{"type":"LineString","coordinates":[[-13.69,-26.56],[-13.27,-28.32]]},"properties":{"LABEL":"Divergent Boundary"}},{"type":"Feature","geometry":{"type":"LineString","coordinates":[[-113.0,-27.61],[-112.93,-28.38]]},"properties":{"LABEL":"Divergent Boundary"}},{"type":"Feature","geometry":{"type":"LineString","coordinates":[[-112.93,-28.38],[-113.01,-28.38]]},"properties":{"LABEL":"Transform Boundary"}},{"type":"Feature","geometry":{"type":"LineString","coordinates":[[62.75,-28.46],[62.7,-28.15]]},"properties":{"LABEL":"Transform Boundary"}},{"type":"Feature","geometry":{"type":"LineString","coordinates":[[62.13,-28.49],[62.75,-28.46]]},"properties":{"LABEL":"Divergent Boundary"}},{"type":"Feature","geometry":{"type":"LineString","coordinates":[[74.41,-28.32],[74.19,-28.54]]},"properties":{"LABEL":"Transform Boundary"}},{"type":"Feature","geometry":{"type":"LineString","coordinates":[[62.16,-28.81],[62.13,-28.49]]},"properties":{"LABEL":"Transform Boundary"}},{"type":"Feature","geometry":{"type":"LineString","coordinates":[[61.52,-28.78],[62.16,-28.81]]},"properties":{"LABEL":"Divergent Boundary"}},{"type":"Feature","geometry":{"type":"LineString","coordinates":[[61.53,-28.92],[61.52,-28.78]]},"properties":{"LABEL":"Transform Boundary"}},{"type":"Feature","geometry":{"type":"LineString","coordinates":[[60.81,-28.93],[61.53,-28.92]]},"properties":{"LABEL":"Divergent Boundary"}},{"type":"Feature","geometry":{"type":"LineString","coordinates":[[-12.75,-28.21],[-12.53,-28.94]]},"properties":{"LABEL":"Divergent Boundary"}},{"type":"Feature","geometry":{"type":"LineString","coordinates":[[-113.01,-28.38],[-112.96,-29.01]]},"properties":{"LABEL":"Divergent Boundary"}},{"type":"Feature","geometry":{"type":"LineString","coordinates":[[-12.53,-28.94],[-13.99,-29.25]]},"properties":{"LABEL":"Transform Boundary"}},{"type":"Feature","geometry":{"type":"LineString","coordinates":[[74.19,-28.54],[74.99,-29.26]]},"properties":{"LABEL":"Divergent Boundary"}},{"type":"Feature","geometry":{"type":"LineString","coordinates":[[-112.96,-29.01],[-111.81,-29.27]]},"properties":{"LABEL":"Transform Boundary"}},{"type":"Feature","geometry":{"type":"LineString","coordinates":[[74.99,-29.26],[74.94,-29.33]]},"properties":{"LABEL":"Transform Boundary"}},{"type":"Feature","geometry":{"type":"LineString","coordinates":[[74.94,-29.33],[75.55,-29.84]]},"properties":{"LABEL":"Divergent Boundary"}},{"type":"Feature","geometry":{"type":"LineString","coordinates":[[-13.82,-29.85],[-13.72,-29.83]]},"properties":{"LABEL":"Transform Boundary"}},{"type":"Feature","geometry":{"type":"LineString","coordinates":[[-13.99,-29.25],[-13.82,-29.85]]},"properties":{"LABEL":"Divergent Boundary"}},{"type":"Feature","geometry":{"type":"LineString","coordinates":[[60.76,-30.0],[60.81,-28.93]]},"properties":{"LABEL":"Transform Boundary"}},{"type":"Feature","geometry":{"type":"LineString","coordinates":[[75.55,-29.84],[75.36,-30.01]]},"properties":{"LABEL":"Transform Boundary"}},{"type":"Feature","geometry":{"type":"LineString","coordinates":[[60.75,-30.01],[60.76,-30.0]]},"properties":{"LABEL":"Divergent Boundary"}},{"type":"Feature","geometry":{"type":"LineString","coordinates":[[75.36,-30.01],[75.51,-30.12]]},"properties":{"LABEL":"Divergent Boundary"}},{"type":"Feature","geometry":{"type":"LineString","coordinates":[[75.51,-30.12],[75.39,-30.24]]},"properties":{"LABEL":"Transform Boundary"}},{"type":"Feature","geometry":{"type":"LineString","coordinates":[[60.76,-30.53],[60.75,-30.01]]},"properties":{"LABEL":"Transform Boundary"}},{"type":"Feature","geometry":{"type":"LineString","coordinates":[[59.19,-30.57],[60.76,-30.53]]},"properties":{"LABEL":"Divergent Boundary"}},{"type":"Feature","geometry":{"type":"LineString","coordinates":[[75.39,-30.24],[76.2,-30.91]]},"properties":{"LABEL":"Divergent Boundary"}},{"type":"Feature","geometry":{"type":"LineString","coordinates":[[76.2,-30.91],[76.15,-30.97]]},"properties":{"LABEL":"Transform Boundary"}},{"type":"Feature","geometry":{"type":"LineString","coordinates":[[59.17,-31.05],[59.19,-30.57]]},"properties":{"LABEL":"Transform Boundary"}},{"type":"Feature","geometry":{"type":"LineString","coordinates":[[58.53,-31.06],[59.17,-31.05]]},"properties":{"LABEL":"Divergent Boundary"}},{"type":"Feature","geometry":{"type":"LineString","coordinates":[[-13.72,-29.83],[-13.37,-31.16]]},"properties":{"LABEL":"Divergent Boundary"}},{"type":"Feature","geometry":{"type":"LineString","coordinates":[[-13.37,-31.16],[-13.5,-31.18]]},"properties":{"LABEL":"Transform Boundary"}},{"type":"Feature","geometry":{"type":"LineString","coordinates":[[-111.81,-29.27],[-111.78,-30.19],[-111.98,-31.39]]},"properties":{"LABEL":"Divergent Boundary"}},{"type":"Feature","geometry":{"type":"LineString","coordinates":[[-111.98,-31.39],[-111.96,-31.39]]},"properties":{"LABEL":"Transform Boundary"}},{"type":"Feature","geometry":{"type":"LineString","coordinates":[[76.15,-30.97],[76.69,-31.47]]},"properties":{"LABEL":"Divergent Boundary"}},{"type":"Feature","geometry":{"type":"LineString","coordinates":[[-111.96,-31.39],[-112.02,-31.54]]},"properties":{"LABEL":"Divergent Boundary"}},{"type":"Feature","geometry":{"type":"LineString","coordinates":[[58.46,-31.69],[58.53,-31.06]]},"properties":{"LABEL":"Transform Boundary"}},{"type":"Feature","geometry":{"type":"LineString","coordinates":[[76.69,-31.47],[76.39,-31.72]]},"properties":{"LABEL":"Transform Boundary"}},{"type":"Feature","geometry":{"type":"LineString","coordinates":[[57.15,-31.77],[58.46,-31.69]]},"properties":{"LABEL":"Divergent Boundary"}},{"type":"Feature","geometry":{"type":"LineString","coordinates":[[-13.5,-31.18],[-13.24,-32.14]]},"properties":{"LABEL":"Divergent Boundary"}},{"type":"Feature","geometry":{"type":"LineString","coordinates":[[-112.02,-31.54],[-112.15,-32.34]]},"properties":{"LABEL":"Divergent Boundary"}},{"type":"Feature","geometry":{"type":"LineString","coordinates":[[-112.15,-32.34],[-112.36,-32.33]]},"properties":{"LABEL":"Other"}},{"type":"Feature","geometry":{"type":"LineString","coordinates":[[-13.24,-32.14],[-14.52,-32.4]]},"properties":{"LABEL":"Transform Boundary"}},{"type":"Feature","geometry":{"type":"LineString","coordinates":[[76.39,-31.72],[78.09,-33.19]]},"properties":{"LABEL":"Divergent Boundary"}},{"type":"Feature","geometry":{"type":"LineString","coordinates":[[-14.52,-32.4],[-14.37,-33.5]]},"properties":{"LABEL":"Divergent Boundary"}},{"type":"Feature","geometry":{"type":"LineString","coordinates":[[57.06,-33.55],[57.15,-31.77]]},"properties":{"LABEL":"Transform Boundary"}},{"type":"Feature","geometry":{"type":"LineString","coordinates":[[-14.37,-33.5],[-14.7,-33.57]]},"properties":{"LABEL":"Transform Boundary"}},{"type":"Feature","geometry":{"type":"LineString","coordinates":[[-112.36,-32.33],[-112.5,-33.65]]},"properties":{"LABEL":"Divergent Boundary"}},{"type":"Feature","geometry":{"type":"LineString","coordinates":[[55.74,-33.65],[57.06,-33.55]]},"properties":{"LABEL":"Divergent Boundary"}},{"type":"Feature","geometry":{"type":"LineString","coordinates":[[-112.5,-33.65],[-112.6,-33.66]]},"properties":{"LABEL":"Other"}},{"type":"Feature","geometry":{"type":"LineString","coordinates":[[78.09,-33.19],[77.35,-33.84]]},"properties":{"LABEL":"Transform Boundary"}},{"type":"Feature","geometry":{"type":"LineString","coordinates":[[-14.7,-33.57],[-14.52,-34.04]]},"properties":{"LABEL":"Divergent Boundary"}},{"type":"Feature","geometry":{"type":"LineString","coordinates":[[55.7,-34.24],[55.74,-33.65]]},"properties":{"LABEL":"Transform Boundary"}},{"type":"Feature","geometry":{"type":"LineString","coordinates":[[-14.52,-34.04],[-15.27,-34.24]]},"properties":{"LABEL":"Transform Boundary"}},{"type":"Feature","geometry":{"type":"LineString","coordinates":[[55.3,-34.29],[55.7,-34.24]]},"properties":{"LABEL":"Divergent Boundary"}},{"type":"Feature","geometry":{"type":"LineString","coordinates":[[-109.26,-34.54],[-109.21,-33.7],[-109.41,-33.14],[-108.97,-32.94],[-109.21,-32.66]]},"properties":{"LABEL":"Divergent Boundary"}},{"type":"Feature","geometry":{"type":"LineString","coordinates":[[55.28,-34.56],[55.3,-34.29]]},"properties":{"LABEL":"Transform Boundary"}},{"type":"Feature","geometry":{"type":"LineString","coordinates":[[54.26,-34.54],[55.28,-34.56]]},"properties":{"LABEL":"Divergent Boundary"}},{"type":"Feature","geometry":{"type":"LineString","coordinates":[[-109.69,-34.61],[-109.26,-34.54]]},"properties":{"LABEL":"Transform Boundary"}},{"type":"Feature","geometry":{"type":"LineString","coordinates":[[-15.27,-34.24],[-15.08,-34.69]]},"properties":{"LABEL":"Divergent Boundary"}},{"type":"Feature","geometry":{"type":"LineString","coordinates":[[-15.08,-34.69],[-15.27,-34.77]]},"properties":{"LABEL":"Transform Boundary"}},{"type":"Feature","geometry":{"type":"LineString","coordinates":[[77.35,-33.84],[78.49,-34.81]]},"properties":{"LABEL":"Divergent Boundary"}},{"type":"Feature","geometry":{"type":"LineString","coordinates":[[78.49,-34.81],[78.44,-34.84]]},"properties":{"LABEL":"Transform Boundary"}},{"type":"Feature","geometry":{"type":"LineString","coordinates":[[-110.83,-35.09],[-110.53,-35.06],[-109.69,-34.61]]},"properties":{"LABEL":"Divergent Boundary"}},{"type":"Feature","geometry":{"type":"LineString","coordinates":[[-112.6,-33.66],[-112.63,-34.0],[-112.42,-34.56],[-110.83,-35.09]]},"properties":{"LABEL":"Divergent Boundary"}},{"type":"Feature","geometry":{"type":"LineString","coordinates":[[-108.8,-35.13],[-109.26,-34.54]]},"properties":{"LABEL":"Divergent Boundary"}},{"type":"Feature","geometry":{"type":"LineString","coordinates":[[78.44,-34.84],[78.8,-35.16]]},"properties":{"LABEL":"Divergent Boundary"}},{"type":"Feature","geometry":{"type":"LineString","coordinates":[[-15.27,-34.77],[-15.1,-35.18]]},"properties":{"LABEL":"Divergent Boundary"}},{"type":"Feature","geometry":{"type":"LineString","coordinates":[[54.22,-35.3],[54.26,-34.54]]},"properties":{"LABEL":"Transform Boundary"}},{"type":"Feature","geometry":{"type":"LineString","coordinates":[[53.47,-35.52],[54.22,-35.3]]},"properties":{"LABEL":"Divergent Boundary"}},{"type":"Feature","geometry":{"type":"LineString","coordinates":[[-15.1,-35.18],[-17.7,-35.66]]},"properties":{"LABEL":"Transform Boundary"}},{"type":"Feature","geometry":{"type":"LineString","coordinates":[[78.8,-35.16],[78.2,-35.68]]},"properties":{"LABEL":"Transform Boundary"}},{"type":"Feature","geometry":{"type":"LineString","coordinates":[[-110.89,-35.8],[-110.83,-35.09]]},"properties":{"LABEL":"Divergent Boundary"}},{"type":"Feature","geometry":{"type":"LineString","coordinates":[[-110.58,-35.83],[-110.89,-35.8]]},"properties":{"LABEL":"Transform Boundary"}},{"type":"Feature","geometry":{"type":"LineString","coordinates":[[53.47,-36.14],[53.47,-35.52]]},"properties":{"LABEL":"Transform Boundary"}},{"type":"Feature","geometry":{"type":"LineString","coordinates":[[52.34,-36.16],[53.47,-36.14]]},"properties":{"LABEL":"Divergent Boundary"}},{"type":"Feature","geometry":{"type":"LineString","coordinates":[[-97.4,-36.29],[-100.64,-36.06],[-108.8,-35.13]]},"properties":{"LABEL":"Transform Boundary"}},{"type":"Feature","geometry":{"type":"LineString","coordinates":[[-110.74,-36.36],[-110.58,-35.83]]},"properties":{"LABEL":"Divergent Boundary"}},{"type":"Feature","geometry":{"type":"LineString","coordinates":[[-110.47,-36.41],[-110.74,-36.36]]},"properties":{"LABEL":"Transform Boundary"}},{"type":"Feature","geometry":{"type":"LineString","coordinates":[[-17.7,-35.66],[-17.08,-36.47]]},"properties":{"LABEL":"Divergent Boundary"}},{"type":"Feature","geometry":{"type":"LineString","coordinates":[[78.2,-35.68],[79.18,-36.51]]},"properties":{"LABEL":"Divergent Boundary"}},{"type":"Feature","geometry":{"type":"LineString","coordinates":[[-17.08,-36.47],[-17.44,-36.56]]},"properties":{"LABEL":"Transform Boundary"}},{"type":"Feature","geometry":{"type":"LineString","coordinates":[[-97.41,-36.87],[-97.4,-36.29]]},"properties":{"LABEL":"Divergent Boundary"}},{"type":"Feature","geometry":{"type":"LineString","coordinates":[[-94.13,-37.0],[-97.41,-36.87]]},"properties":{"LABEL":"Transform Boundary"}},{"type":"Feature","geometry":{"type":"LineString","coordinates":[[-179.76,-37.06],[-179.2,-36.24],[-177.81,-33.19],[-177.42,-32.01],[-176.19,-29.47],[-175.51,-26.91],[-175.21,-24.47],[-174.99,-23.75]]},"properties":{"LABEL":"Convergent Boundary"}},{"type":"Feature","geometry":{"type":"LineString","coordinates":[[-17.44,-36.56],[-17.23,-37.37]]},"properties":{"LABEL":"Divergent Boundary"}},{"type":"Feature","geometry":{"type":"LineString","coordinates":[[52.28,-37.43],[52.34,-36.16]]},"properties":{"LABEL":"Transform Boundary"}},{"type":"Feature","geometry":{"type":"LineString","coordinates":[[50.83,-37.45],[52.28,-37.43]]},"properties":{"LABEL":"Divergent Boundary"}},{"type":"Feature","geometry":{"type":"LineString","coordinates":[[-17.23,-37.37],[-17.53,-37.47]]},"properties":{"LABEL":"Transform Boundary"}},{"type":"Feature","geometry":{"type":"LineString","coordinates":[[79.18,-36.51],[78.02,-37.48]]},"properties":{"LABEL":"Transform Boundary"}},{"type":"Feature","geometry":{"type":"LineString","coordinates":[[50.82,-37.58],[50.83,-37.45]]},"properties":{"LABEL":"Transform Boundary"}},{"type":"Feature","geometry":{"type":"LineString","coordinates":[[49.96,-37.6],[50.82,-37.58]]},"properties":{"LABEL":"Divergent Boundary"}},{"type":"Feature","geometry":{"type":"LineString","coordinates":[[49.94,-37.79],[49.96,-37.6]]},"properties":{"LABEL":"Transform Boundary"}},{"type":"Feature","geometry":{"type":"LineString","coordinates":[[49.04,-37.79],[49.94,-37.79]]},"properties":{"LABEL":"Divergent Boundary"}},{"type":"Feature","geometry":{"type":"LineString","coordinates":[[49.03,-38.0],[49.04,-37.79]]},"properties":{"LABEL":"Transform Boundary"}},{"type":"Feature","geometry":{"type":"LineString","coordinates":[[78.02,-37.48],[78.71,-38.0]]},"properties":{"LABEL":"Divergent Boundary"}},{"type":"Feature","geometry":{"type":"LineString","coordinates":[[78.71,-38.0],[78.18,-38.39]]},"properties":{"LABEL":"Transform Boundary"}},{"type":"Feature","geometry":{"type":"LineString","coordinates":[[-17.05,-38.45],[-16.8,-38.4]]},"properties":{"LABEL":"Transform Boundary"}},{"type":"Feature","geometry":{"type":"LineString","coordinates":[[-17.53,-37.47],[-17.39,-38.03],[-17.05,-38.45]]},"properties":{"LABEL":"Divergent Boundary"}},{"type":"Feature","geometry":{"type":"LineString","coordinates":[[48.02,-38.48],[48.63,-38.01],[49.03,-38.0]]},"properties":{"LABEL":"Divergent Boundary"}},{"type":"Feature","geometry":{"type":"LineString","coordinates":[[-93.07,-38.43],[-94.0,-38.48]]},"properties":{"LABEL":"Transform Boundary"}},{"type":"Feature","geometry":{"type":"LineString","coordinates":[[-94.0,-38.48],[-94.13,-37.0]]},"properties":{"LABEL":"Divergent Boundary"}},{"type":"Feature","geometry":{"type":"LineString","coordinates":[[48.02,-38.65],[48.02,-38.48]]},"properties":{"LABEL":"Transform Boundary"}},{"type":"Feature","geometry":{"type":"LineString","coordinates":[[78.18,-38.39],[78.53,-38.66]]},"properties":{"LABEL":"Divergent Boundary"}},{"type":"Feature","geometry":{"type":"LineString","coordinates":[[46.24,-38.87],[48.02,-38.65]]},"properties":{"LABEL":"Divergent Boundary"}},{"type":"Feature","geometry":{"type":"LineString","coordinates":[[-91.66,-38.87],[-93.02,-38.97]]},"properties":{"LABEL":"Transform Boundary"}},{"type":"Feature","geometry":{"type":"LineString","coordinates":[[-93.02,-38.97],[-93.07,-38.43]]},"properties":{"LABEL":"Divergent Boundary"}},{"type":"Feature","geometry":{"type":"LineString","coordinates":[[-111.27,-38.98],[-110.47,-36.41]]},"properties":{"LABEL":"Divergent Boundary"}},{"type":"Feature","geometry":{"type":"LineString","coordinates":[[-110.39,-38.99],[-111.27,-38.98]]},"properties":{"LABEL":"Transform Boundary"}},{"type":"Feature","geometry":{"type":"LineString","coordinates":[[78.53,-38.66],[78.07,-39.01]]},"properties":{"LABEL":"Transform Boundary"}},{"type":"Feature","geometry":{"type":"LineString","coordinates":[[78.07,-39.01],[78.38,-39.26]]},"properties":{"LABEL":"Divergent Boundary"}},{"type":"Feature","geometry":{"type":"LineString","coordinates":[[78.38,-39.26],[78.0,-39.54]]},"properties":{"LABEL":"Transform Boundary"}},{"type":"Feature","geometry":{"type":"LineString","coordinates":[[-16.8,-38.4],[-16.36,-38.56],[-16.04,-38.88],[-15.92,-39.68]]},"properties":{"LABEL":"Divergent Boundary"}},{"type":"Feature","geometry":{"type":"LineString","coordinates":[[-15.92,-39.68],[-16.42,-39.79]]},"properties":{"LABEL":"Transform Boundary"}},{"type":"Feature","geometry":{"type":"LineString","coordinates":[[78.0,-39.54],[78.43,-39.9]]},"properties":{"LABEL":"Divergent Boundary"}},{"type":"Feature","geometry":{"type":"LineString","coordinates":[[46.07,-40.12],[46.24,-38.87]]},"properties":{"LABEL":"Transform Boundary"}},{"type":"Feature","geometry":{"type":"LineString","coordinates":[[45.33,-40.11],[46.07,-40.12]]},"properties":{"LABEL":"Divergent Boundary"}},{"type":"Feature","geometry":{"type":"LineString","coordinates":[[-16.42,-39.79],[-16.47,-40.27]]},"properties":{"LABEL":"Divergent Boundary"}},{"type":"Feature","geometry":{"type":"LineString","coordinates":[[78.43,-39.9],[77.82,-40.33]]},"properties":{"LABEL":"Transform Boundary"}},{"type":"Feature","geometry":{"type":"LineString","coordinates":[[-16.47,-40.27],[-16.87,-40.37]]},"properties":{"LABEL":"Transform Boundary"}},{"type":"Feature","geometry":{"type":"LineString","coordinates":[[45.3,-40.37],[45.33,-40.11]]},"properties":{"LABEL":"Transform Boundary"}},{"type":"Feature","geometry":{"type":"LineString","coordinates":[[44.72,-40.37],[45.3,-40.37]]},"properties":{"LABEL":"Divergent Boundary"}},{"type":"Feature","geometry":{"type":"LineString","coordinates":[[44.69,-40.69],[44.72,-40.37]]},"properties":{"LABEL":"Transform Boundary"}},{"type":"Feature","geometry":{"type":"LineString","coordinates":[[44.02,-40.67],[44.69,-40.69]]},"properties":{"LABEL":"Divergent Boundary"}},{"type":"Feature","geometry":{"type":"LineString","coordinates":[[44.01,-40.92],[44.02,-40.67]]},"properties":{"LABEL":"Transform Boundary"}},{"type":"Feature","geometry":{"type":"LineString","coordinates":[[42.87,-40.85],[44.01,-40.92]]},"properties":{"LABEL":"Divergent Boundary"}},{"type":"Feature","geometry":{"type":"LineString","coordinates":[[-90.09,-41.06],[-91.39,-41.1]]},"properties":{"LABEL":"Transform Boundary"}},{"type":"Feature","geometry":{"type":"LineString","coordinates":[[-91.39,-41.1],[-91.66,-38.87]]},"properties":{"LABEL":"Divergent Boundary"}},{"type":"Feature","geometry":{"type":"LineString","coordinates":[[-87.42,-41.27],[-90.05,-41.43]]},"properties":{"LABEL":"Transform Boundary"}},{"type":"Feature","geometry":{"type":"LineString","coordinates":[[-90.05,-41.43],[-90.09,-41.06]]},"properties":{"LABEL":"Divergent Boundary"}},{"type":"Feature","geometry":{"type":"LineString","coordinates":[[-83.83,-41.12],[-87.34,-41.52]]},"properties":{"LABEL":"Transform Boundary"}},{"type":"Feature","geometry":{"type":"LineString","coordinates":[[-87.34,-41.52],[-87.42,-41.27]]},"properties":{"LABEL":"Divergent Boundary"}},{"type":"Feature","geometry":{"type":"LineString","coordinates":[[79.99,-41.89],[80.93,-41.13]]},"properties":{"LABEL":"Transform Boundary"}},{"type":"Feature","geometry":{"type":"LineString","coordinates":[[77.82,-40.33],[79.99,-41.89]]},"properties":{"LABEL":"Divergent Boundary"}},{"type":"Feature","geometry":{"type":"LineString","coordinates":[[88.06,-42.0],[88.49,-41.69]]},"properties":{"LABEL":"Transform Boundary"}},{"type":"Feature","geometry":{"type":"LineString","coordinates":[[85.86,-40.83],[88.06,-42.0]]},"properties":{"LABEL":"Divergent Boundary"}},{"type":"Feature","geometry":{"type":"MultiLineString","coordinates":[[[174.59,-42.15],[175.69,-42.04],[177.12,-41.66],[177.61,-41.5],[178.01,-41.19],[178.79,-40.09],[179.37,-38.54],[180.0,-37.4]],[[-180.0,-37.4],[-179.81,-37.06]]]},"properties":{"LABEL":"Convergent Boundary"}},{"type":"Feature","geometry":{"type":"LineString","coordinates":[[-110.95,-42.25],[-110.68,-40.16],[-110.39,-38.99]]},"properties":{"LABEL":"Divergent Boundary"}},{"type":"Feature","geometry":{"type":"LineString","coordinates":[[-111.35,-42.2],[-110.95,-42.25]]},"properties":{"LABEL":"Transform Boundary"}},{"type":"Feature","geometry":{"type":"LineString","coordinates":[[42.47,-42.73],[42.87,-40.85]]},"properties":{"LABEL":"Transform Boundary"}},{"type":"Feature","geometry":{"type":"LineString","coordinates":[[41.81,-42.65],[42.47,-42.73]]},"properties":{"LABEL":"Divergent Boundary"}},{"type":"Feature","geometry":{"type":"LineString","coordinates":[[83.44,-42.89],[85.86,-40.83]]},"properties":{"LABEL":"Transform Boundary"}},{"type":"Feature","geometry":{"type":"LineString","coordinates":[[80.93,-41.13],[83.44,-42.89]]},"properties":{"LABEL":"Divergent Boundary"}},{"type":"Feature","geometry":{"type":"LineString","coordinates":[[-82.51,-42.86],[-83.45,-42.98]]},"properties":{"LABEL":"Transform Boundary"}},{"type":"Feature","geometry":{"type":"LineString","coordinates":[[-83.45,-42.98],[-83.83,-41.12]]},"properties":{"LABEL":"Divergent Boundary"}},{"type":"Feature","geometry":{"type":"LineString","coordinates":[[41.56,-43.58],[41.81,-42.65]]},"properties":{"LABEL":"Transform Boundary"}},{"type":"Feature","geometry":{"type":"LineString","coordinates":[[39.46,-43.29],[41.56,-43.58]]},"properties":{"LABEL":"Divergent Boundary"}},{"type":"Feature","geometry":{"type":"LineString","coordinates":[[166.99,-45.18],[168.18,-44.39],[171.55,-42.65],[174.58,-42.17]]},"properties":{"LABEL":"Transform Boundary"}},{"type":"Feature","geometry":{"type":"LineString","coordinates":[[39.07,-44.17],[39.46,-43.29]]},"properties":{"LABEL":"Transform Boundary"}},{"type":"Feature","geometry":{"type":"LineString","coordinates":[[38.34,-44.06],[39.07,-44.17]]},"properties":{"LABEL":"Divergent Boundary"}},{"type":"Feature","geometry":{"type":"LineString","coordinates":[[38.08,-44.62],[38.34,-44.06]]},"properties":{"LABEL":"Transform Boundary"}},{"type":"Feature","geometry":{"type":"LineString","coordinates":[[88.49,-41.69],[95.04,-44.62]]},"properties":{"LABEL":"Divergent Boundary"}},{"type":"Feature","geometry":{"type":"LineString","coordinates":[[95.04,-44.62],[94.93,-44.81]]},"properties":{"LABEL":"Transform Boundary"}},{"type":"Feature","geometry":{"type":"LineString","coordinates":[[-78.21,-44.41],[-81.93,-44.96]]},"properties":{"LABEL":"Transform Boundary"}},{"type":"Feature","geometry":{"type":"LineString","coordinates":[[-81.93,-44.96],[-82.51,-42.86]]},"properties":{"LABEL":"Divergent Boundary"}},{"type":"Feature","geometry":{"type":"LineString","coordinates":[[35.01,-45.11],[35.18,-44.85],[36.3,-44.97],[37.08,-44.8],[37.51,-44.88],[38.08,-44.62]]},"properties":{"LABEL":"Divergent Boundary"}},{"type":"Feature","geometry":{"type":"LineString","coordinates":[[94.93,-44.81],[96.7,-45.47]]},"properties":{"LABEL":"Divergent Boundary"}},{"type":"Feature","geometry":{"type":"LineString","coordinates":[[-15.59,-45.48],[-14.89,-45.37]]},"properties":{"LABEL":"Transform Boundary"}},{"type":"Feature","geometry":{"type":"LineString","coordinates":[[-16.87,-40.37],[-16.68,-41.52],[-16.33,-41.81],[-16.22,-42.34],[-16.43,-42.87],[-16.33,-43.39],[-15.59,-45.48]]},"properties":{"LABEL":"Divergent Boundary"}},{"type":"Feature","geometry":{"type":"LineString","coordinates":[[-71.31,-21.97],[-71.52,-25.09],[-71.96,-27.75],[-72.43,-28.9],[-72.56,-29.54],[-72.94,-33.84],[-73.68,-34.89],[-74.44,-36.72],[-74.65,-38.14],[-75.15,-39.56],[-75.19,-40.86],[-75.39,-41.37],[-75.4,-42.28],[-76.01,-45.66]]},"properties":{"LABEL":"Convergent Boundary"}},{"type":"Feature","geometry":{"type":"LineString","coordinates":[[-76.01,-45.66],[-77.66,-45.76]]},"properties":{"LABEL":"Transform Boundary"}},{"type":"Feature","geometry":{"type":"LineString","coordinates":[[-77.66,-45.76],[-78.21,-44.41]]},"properties":{"LABEL":"Divergent Boundary"}},{"type":"Feature","geometry":{"type":"LineString","coordinates":[[-112.68,-45.83],[-111.35,-42.2]]},"properties":{"LABEL":"Divergent Boundary"}},{"type":"Feature","geometry":{"type":"LineString","coordinates":[[-112.43,-45.85],[-112.68,-45.83]]},"properties":{"LABEL":"Transform Boundary"}},{"type":"Feature","geometry":{"type":"LineString","coordinates":[[-14.72,-45.9],[-13.81,-45.8]]},"properties":{"LABEL":"Transform Boundary"}},{"type":"Feature","geometry":{"type":"LineString","coordinates":[[-14.89,-45.37],[-14.72,-45.9]]},"properties":{"LABEL":"Divergent Boundary"}},{"type":"Feature","geometry":{"type":"LineString","coordinates":[[34.7,-45.97],[35.01,-45.11]]},"properties":{"LABEL":"Transform Boundary"}},{"type":"Feature","geometry":{"type":"LineString","coordinates":[[33.54,-46.35],[33.82,-45.98],[34.5,-46.22],[34.7,-45.97]]},"properties":{"LABEL":"Divergent Boundary"}},{"type":"Feature","geometry":{"type":"LineString","coordinates":[[96.7,-45.47],[95.84,-46.52]]},"properties":{"LABEL":"Transform Boundary"}},{"type":"Feature","geometry":{"type":"LineString","coordinates":[[32.12,-47.0],[31.86,-47.2]]},"properties":{"LABEL":"Divergent Boundary"}},{"type":"Feature","geometry":{"type":"LineString","coordinates":[[33.17,-47.26],[33.54,-46.35]]},"properties":{"LABEL":"Transform Boundary"}},{"type":"Feature","geometry":{"type":"LineString","coordinates":[[32.12,-47.0],[33.17,-47.26]]},"properties":{"LABEL":"Divergent Boundary"}},{"type":"Feature","geometry":{"type":"LineString","coordinates":[[-13.32,-47.58],[-10.48,-47.13]]},"properties":{"LABEL":"Transform Boundary"}},{"type":"Feature","geometry":{"type":"LineString","coordinates":[[-13.81,-45.8],[-13.32,-47.58]]},"properties":{"LABEL":"Divergent Boundary"}},{"type":"Feature","geometry":{"type":"LineString","coordinates":[[99.62,-47.98],[100.2,-47.27]]},"properties":{"LABEL":"Transform Boundary"}},{"type":"Feature","geometry":{"type":"LineString","coordinates":[[95.84,-46.52],[99.62,-47.98]]},"properties":{"LABEL":"Divergent Boundary"}},{"type":"Feature","geometry":{"type":"LineString","coordinates":[[126.35,-48.6],[127.48,-48.79]]},"properties":{"LABEL":"Divergent Boundary"}},{"type":"Feature","geometry":{"type":"LineString","coordinates":[[120.84,-48.89],[121.62,-49.03]]},"properties":{"LABEL":"Divergent Boundary"}},{"type":"Feature","geometry":{"type":"LineString","coordinates":[[31.86,-47.2],[30.7,-49.01]]},"properties":{"LABEL":"Transform Boundary"}},{"type":"Feature","geometry":{"type":"LineString","coordinates":[[106.31,-49.09],[106.5,-48.85]]},"properties":{"LABEL":"Transform Boundary"}},{"type":"Feature","geometry":{"type":"LineString","coordinates":[[100.2,-47.27],[106.33,-49.09]]},"properties":{"LABEL":"Divergent Boundary"}},{"type":"Feature","geometry":{"type":"LineString","coordinates":[[106.54,-48.8],[108.29,-49.18]]},"properties":{"LABEL":"Divergent Boundary"}},{"type":"Feature","geometry":{"type":"LineString","coordinates":[[30.7,-49.01],[30.36,-49.22]]},"properties":{"LABEL":"Divergent Boundary"}},{"type":"Feature","geometry":{"type":"LineString","coordinates":[[-9.71,-49.22],[-8.14,-48.96]]},"properties":{"LABEL":"Transform Boundary"}},{"type":"Feature","geometry":{"type":"LineString","coordinates":[[-10.48,-47.13],[-9.71,-49.22]]},"properties":{"LABEL":"Divergent Boundary"}},{"type":"Feature","geometry":{"type":"LineString","coordinates":[[108.29,-49.18],[108.24,-49.26]]},"properties":{"LABEL":"Transform Boundary"}},{"type":"Feature","geometry":{"type":"LineString","coordinates":[[-8.02,-49.28],[-7.96,-49.27]]},"properties":{"LABEL":"Transform Boundary"}},{"type":"Feature","geometry":{"type":"LineString","coordinates":[[-8.14,-48.96],[-8.02,-49.28]]},"properties":{"LABEL":"Divergent Boundary"}},{"type":"Feature","geometry":{"type":"LineString","coordinates":[[123.33,-49.58],[123.77,-49.12]]},"properties":{"LABEL":"Transform Boundary"}},{"type":"Feature","geometry":{"type":"LineString","coordinates":[[121.63,-49.05],[121.44,-49.62]]},"properties":{"LABEL":"Transform Boundary"}},{"type":"Feature","geometry":{"type":"LineString","coordinates":[[125.9,-49.72],[126.36,-48.64]]},"properties":{"LABEL":"Transform Boundary"}},{"type":"Feature","geometry":{"type":"LineString","coordinates":[[123.77,-49.12],[124.21,-48.85],[124.99,-49.15],[125.26,-49.6],[125.9,-49.72]]},"properties":{"LABEL":"Divergent Boundary"}},{"type":"Feature","geometry":{"type":"LineString","coordinates":[[121.44,-49.62],[122.22,-49.85],[122.8,-49.73],[123.01,-49.54],[123.33,-49.58]]},"properties":{"LABEL":"Divergent Boundary"}},{"type":"Feature","geometry":{"type":"LineString","coordinates":[[-113.87,-49.85],[-112.43,-45.85]]},"properties":{"LABEL":"Divergent Boundary"}},{"type":"Feature","geometry":{"type":"LineString","coordinates":[[-116.39,-49.37],[-113.87,-49.85]]},"properties":{"LABEL":"Transform Boundary"}},{"type":"Feature","geometry":{"type":"LineString","coordinates":[[115.99,-49.85],[116.26,-49.54]]},"properties":{"LABEL":"Transform Boundary"}},{"type":"Feature","geometry":{"type":"LineString","coordinates":[[114.36,-49.88],[115.5,-49.97],[115.99,-49.85]]},"properties":{"LABEL":"Divergent Boundary"}},{"type":"Feature","geometry":{"type":"LineString","coordinates":[[127.48,-48.81],[127.14,-49.98]]},"properties":{"LABEL":"Transform Boundary"}},{"type":"Feature","geometry":{"type":"LineString","coordinates":[[120.27,-50.04],[120.84,-48.89]]},"properties":{"LABEL":"Transform Boundary"}},{"type":"Feature","geometry":{"type":"LineString","coordinates":[[116.26,-49.54],[116.64,-49.27],[118.19,-49.87],[118.55,-49.8],[120.27,-50.04]]},"properties":{"LABEL":"Divergent Boundary"}},{"type":"Feature","geometry":{"type":"LineString","coordinates":[[-7.64,-50.06],[-7.43,-50.0]]},"properties":{"LABEL":"Transform Boundary"}},{"type":"Feature","geometry":{"type":"LineString","coordinates":[[-7.96,-49.27],[-7.64,-50.06]]},"properties":{"LABEL":"Divergent Boundary"}},{"type":"Feature","geometry":{"type":"LineString","coordinates":[[166.97,-45.23],[165.17,-46.4],[164.48,-47.76],[164.21,-48.59],[163.24,-50.08]]},"properties":{"LABEL":"Convergent Boundary"}},{"type":"Feature","geometry":{"type":"LineString","coordinates":[[163.24,-50.08],[163.05,-50.27]]},"properties":{"LABEL":"Transform Boundary"}},{"type":"Feature","geometry":{"type":"LineString","coordinates":[[163.05,-50.27],[162.96,-50.37]]},"properties":{"LABEL":"Other"}},{"type":"Feature","geometry":{"type":"LineString","coordinates":[[131.51,-50.22],[135.03,-50.38],[135.25,-50.21],[139.65,-50.28]]},"properties":{"LABEL":"Divergent Boundary"}},{"type":"Feature","geometry":{"type":"LineString","coordinates":[[114.02,-50.39],[114.36,-49.88]]},"properties":{"LABEL":"Transform Boundary"}},{"type":"Feature","geometry":{"type":"LineString","coordinates":[[108.24,-49.26],[110.47,-49.78],[111.13,-49.8],[111.67,-50.08],[114.02,-50.39]]},"properties":{"LABEL":"Divergent Boundary"}},{"type":"Feature","geometry":{"type":"LineString","coordinates":[[131.26,-50.6],[131.51,-50.22]]},"properties":{"LABEL":"Transform Boundary"}},{"type":"Feature","geometry":{"type":"LineString","coordinates":[[127.14,-49.98],[131.26,-50.6]]},"properties":{"LABEL":"Divergent Boundary"}},{"type":"Feature","geometry":{"type":"LineString","coordinates":[[-7.16,-50.61],[-5.17,-50.22]]},"properties":{"LABEL":"Transform Boundary"}},{"type":"Feature","geometry":{"type":"LineString","coordinates":[[-7.43,-50.0],[-7.16,-50.61]]},"properties":{"LABEL":"Divergent Boundary"}},{"type":"Feature","geometry":{"type":"LineString","coordinates":[[139.81,-51.84],[140.32,-51.8]]},"properties":{"LABEL":"Divergent Boundary"}},{"type":"Feature","geometry":{"type":"LineString","coordinates":[[139.65,-50.28],[139.81,-51.84]]},"properties":{"LABEL":"Transform Boundary"}},{"type":"Feature","geometry":{"type":"LineString","coordinates":[[-4.24,-52.05],[-3.96,-51.98]]},"properties":{"LABEL":"Transform Boundary"}},{"type":"Feature","geometry":{"type":"LineString","coordinates":[[-5.17,-50.22],[-4.24,-52.05]]},"properties":{"LABEL":"Divergent Boundary"}},{"type":"Feature","geometry":{"type":"LineString","coordinates":[[-76.01,-45.66],[-76.0,-47.08],[-76.65,-47.88],[-76.93,-48.51],[-77.02,-49.19],[-76.99,-49.85],[-76.48,-52.07]]},"properties":{"LABEL":"Convergent Boundary"}},{"type":"Feature","geometry":{"type":"LineString","coordinates":[[15.11,-52.31],[15.82,-51.79]]},"properties":{"LABEL":"Transform Boundary"}},{"type":"Feature","geometry":{"type":"LineString","coordinates":[[14.46,-52.0],[15.11,-52.31]]},"properties":{"LABEL":"Divergent Boundary"}},{"type":"Feature","geometry":{"type":"LineString","coordinates":[[13.79,-52.48],[14.46,-52.0]]},"properties":{"LABEL":"Transform Boundary"}},{"type":"Feature","geometry":{"type":"LineString","coordinates":[[12.9,-51.96],[13.79,-52.48]]},"properties":{"LABEL":"Divergent Boundary"}},{"type":"Feature","geometry":{"type":"LineString","coordinates":[[18.54,-52.73],[18.71,-52.55]]},"properties":{"LABEL":"Transform Boundary"}},{"type":"Feature","geometry":{"type":"LineString","coordinates":[[15.82,-51.79],[18.54,-52.73]]},"properties":{"LABEL":"Divergent Boundary"}},{"type":"Feature","geometry":{"type":"LineString","coordinates":[[-118.98,-52.9],[-116.39,-49.37]]},"properties":{"LABEL":"Divergent Boundary"}},{"type":"Feature","geometry":{"type":"LineString","coordinates":[[30.36,-49.22],[29.34,-50.51],[28.11,-52.9]]},"properties":{"LABEL":"Transform Boundary"}},{"type":"Feature","geometry":{"type":"LineString","coordinates":[[28.11,-52.9],[27.48,-52.77],[27.32,-52.55],[26.71,-52.38]]},"properties":{"LABEL":"Divergent Boundary"}},{"type":"Feature","geometry":{"type":"LineString","coordinates":[[18.71,-52.55],[19.99,-52.82],[23.08,-53.1]]},"properties":{"LABEL":"Divergent Boundary"}},{"type":"Feature","geometry":{"type":"LineString","coordinates":[[-117.66,-53.12],[-118.98,-52.9]]},"properties":{"LABEL":"Transform Boundary"}},{"type":"Feature","geometry":{"type":"LineString","coordinates":[[23.08,-53.1],[23.02,-53.2]]},"properties":{"LABEL":"Transform Boundary"}},{"type":"Feature","geometry":{"type":"LineString","coordinates":[[10.98,-53.33],[12.9,-51.96]]},"properties":{"LABEL":"Transform Boundary"}},{"type":"Feature","geometry":{"type":"LineString","coordinates":[[9.99,-52.79],[10.98,-53.33]]},"properties":{"LABEL":"Divergent Boundary"}},{"type":"Feature","geometry":{"type":"LineString","coordinates":[[26.71,-52.38],[26.18,-53.43],[25.99,-53.58]]},"properties":{"LABEL":"Transform Boundary"}},{"type":"Feature","geometry":{"type":"LineString","coordinates":[[25.99,-53.58],[25.65,-53.41],[24.68,-53.42],[23.02,-53.2]]},"properties":{"LABEL":"Divergent Boundary"}},{"type":"Feature","geometry":{"type":"LineString","coordinates":[[162.96,-50.37],[161.72,-51.19],[159.32,-53.6]]},"properties":{"LABEL":"Transform Boundary"}},{"type":"Feature","geometry":{"type":"LineString","coordinates":[[159.32,-53.6],[159.22,-53.62]]},"properties":{"LABEL":"Transform Boundary"}},{"type":"Feature","geometry":{"type":"LineString","coordinates":[[-49.16,-52.66],[-52.18,-52.87],[-53.38,-53.21],[-56.46,-53.65]]},"properties":{"LABEL":"Transform Boundary"}},{"type":"Feature","geometry":{"type":"LineString","coordinates":[[159.22,-53.62],[159.14,-53.81]]},"properties":{"LABEL":"Transform Boundary"}},{"type":"Feature","geometry":{"type":"LineString","coordinates":[[140.32,-51.8],[140.66,-53.88]]},"properties":{"LABEL":"Transform Boundary"}},{"type":"Feature","geometry":{"type":"LineString","coordinates":[[-136.59,-53.91],[-136.18,-53.4]]},"properties":{"LABEL":"Divergent Boundary"}},{"type":"Feature","geometry":{"type":"LineString","coordinates":[[-137.89,-53.57],[-136.59,-53.91]]},"properties":{"LABEL":"Transform Boundary"}},{"type":"Feature","geometry":{"type":"LineString","coordinates":[[-56.46,-53.65],[-59.25,-53.6],[-63.71,-54.02]]},"properties":{"LABEL":"Transform Boundary"}},{"type":"Feature","geometry":{"type":"LineString","coordinates":[[-63.71,-54.02],[-65.87,-54.32]]},"properties":{"LABEL":"Transform Boundary"}},{"type":"Feature","geometry":{"type":"LineString","coordinates":[[-2.37,-54.33],[-1.38,-54.05]]},"properties":{"LABEL":"Transform Boundary"}},{"type":"Feature","geometry":{"type":"LineString","coordinates":[[-3.96,-51.98],[-2.37,-54.33]]},"properties":{"LABEL":"Divergent Boundary"}},{"type":"Feature","geometry":{"type":"LineString","coordinates":[[7.77,-54.4],[9.99,-52.79]]},"properties":{"LABEL":"Transform Boundary"}},{"type":"Feature","geometry":{"type":"LineString","coordinates":[[6.63,-53.81],[7.77,-54.4]]},"properties":{"LABEL":"Divergent Boundary"}},{"type":"Feature","geometry":{"type":"LineString","coordinates":[[-65.87,-54.32],[-68.99,-54.43],[-72.08,-53.72],[-76.48,-52.07]]},"properties":{"LABEL":"Transform Boundary"}},{"type":"Feature","geometry":{"type":"LineString","coordinates":[[4.41,-54.43],[4.83,-54.16]]},"properties":{"LABEL":"Transform Boundary"}},{"type":"Feature","geometry":{"type":"LineString","coordinates":[[3.03,-53.65],[4.41,-54.43]]},"properties":{"LABEL":"Divergent Boundary"}},{"type":"Feature","geometry":{"type":"LineString","coordinates":[[5.49,-54.54],[6.63,-53.81]]},"properties":{"LABEL":"Transform Boundary"}},{"type":"Feature","geometry":{"type":"LineString","coordinates":[[4.83,-54.16],[5.49,-54.54]]},"properties":{"LABEL":"Divergent Boundary"}},{"type":"Feature","geometry":{"type":"LineString","coordinates":[[159.14,-53.81],[158.61,-54.53]]},"properties":{"LABEL":"Transform Boundary"}},{"type":"Feature","geometry":{"type":"LineString","coordinates":[[140.66,-53.88],[142.25,-54.22],[143.78,-54.23],[144.28,-54.8],[146.88,-54.69]]},"properties":{"LABEL":"Divergent Boundary"}},{"type":"Feature","geometry":{"type":"LineString","coordinates":[[-118.58,-54.82],[-117.66,-53.12]]},"properties":{"LABEL":"Divergent Boundary"}},{"type":"Feature","geometry":{"type":"LineString","coordinates":[[-120.66,-54.41],[-118.58,-54.82]]},"properties":{"LABEL":"Transform Boundary"}},{"type":"Feature","geometry":{"type":"LineString","coordinates":[[0.96,-54.83],[3.03,-53.65]]},"properties":{"LABEL":"Transform Boundary"}},{"type":"Feature","geometry":{"type":"LineString","coordinates":[[0.44,-54.45],[0.96,-54.83]]},"properties":{"LABEL":"Divergent Boundary"}},{"type":"Feature","geometry":{"type":"LineString","coordinates":[[-0.44,-54.85],[0.44,-54.45]]},"properties":{"LABEL":"Transform Boundary"}},{"type":"Feature","geometry":{"type":"LineString","coordinates":[[-1.38,-54.05],[-0.44,-54.85]]},"properties":{"LABEL":"Divergent Boundary"}},{"type":"Feature","geometry":{"type":"LineString","coordinates":[[-38.72,-54.85],[-41.6,-54.15],[-45.19,-52.93],[-49.16,-52.66]]},"properties":{"LABEL":"Other"}},{"type":"Feature","geometry":{"type":"LineString","coordinates":[[-0.44,-54.85],[-1.04,-55.02]]},"properties":{"LABEL":"Divergent Boundary"}},{"type":"Feature","geometry":{"type":"LineString","coordinates":[[-28.65,-55.01],[-29.49,-55.03]]},"properties":{"LABEL":"Transform Boundary"}},{"type":"Feature","geometry":{"type":"LineString","coordinates":[[-29.49,-55.03],[-33.73,-54.46]]},"properties":{"LABEL":"Other"}},{"type":"Feature","geometry":{"type":"LineString","coordinates":[[-37.81,-55.09],[-38.72,-54.85]]},"properties":{"LABEL":"Other"}},{"type":"Feature","geometry":{"type":"LineString","coordinates":[[-1.04,-55.02],[-1.61,-55.13]]},"properties":{"LABEL":"Transform Boundary"}},{"type":"Feature","geometry":{"type":"LineString","coordinates":[[-33.73,-54.46],[-33.35,-54.86],[-33.06,-55.46]]},"properties":{"LABEL":"Divergent Boundary"}},{"type":"Feature","geometry":{"type":"LineString","coordinates":[[158.56,-54.56],[158.08,-55.51]]},"properties":{"LABEL":"Transform Boundary"}},{"type":"Feature","geometry":{"type":"LineString","coordinates":[[-127.23,-55.56],[-126.8,-55.06]]},"properties":{"LABEL":"Divergent Boundary"}},{"type":"Feature","geometry":{"type":"LineString","coordinates":[[-136.18,-53.4],[-128.62,-55.32],[-127.23,-55.56]]},"properties":{"LABEL":"Transform Boundary"}},{"type":"Feature","geometry":{"type":"LineString","coordinates":[[-33.06,-55.46],[-33.69,-55.6]]},"properties":{"LABEL":"Transform Boundary"}},{"type":"Feature","geometry":{"type":"LineString","coordinates":[[-139.58,-55.62],[-137.89,-53.57]]},"properties":{"LABEL":"Divergent Boundary"}},{"type":"Feature","geometry":{"type":"LineString","coordinates":[[-36.11,-55.64],[-36.85,-55.22],[-37.81,-55.09]]},"properties":{"LABEL":"Other"}},{"type":"Feature","geometry":{"type":"LineString","coordinates":[[-1.61,-55.13],[-1.61,-55.65]]},"properties":{"LABEL":"Divergent Boundary"}},{"type":"Feature","geometry":{"type":"LineString","coordinates":[[-139.19,-55.72],[-139.58,-55.62]]},"properties":{"LABEL":"Transform Boundary"}},{"type":"Feature","geometry":{"type":"LineString","coordinates":[[-33.69,-55.6],[-34.59,-55.73]]},"properties":{"LABEL":"Other"}},{"type":"Feature","geometry":{"type":"LineString","coordinates":[[-34.59,-55.73],[-36.11,-55.64]]},"properties":{"LABEL":"Other"}},{"type":"Feature","geometry":{"type":"LineString","coordinates":[[-1.61,-55.65],[-4.69,-55.81]]},"properties":{"LABEL":"Transform Boundary"}},{"type":"Feature","geometry":{"type":"LineString","coordinates":[[-121.86,-56.03],[-120.66,-54.41]]},"properties":{"LABEL":"Divergent Boundary"}},{"type":"Feature","geometry":{"type":"LineString","coordinates":[[-126.8,-55.06],[-121.86,-56.03]]},"properties":{"LABEL":"Transform Boundary"}},{"type":"Feature","geometry":{"type":"LineString","coordinates":[[-4.69,-55.81],[-4.69,-56.59]]},"properties":{"LABEL":"Divergent Boundary"}},{"type":"Feature","geometry":{"type":"LineString","coordinates":[[-4.69,-56.59],[-6.06,-56.67]]},"properties":{"LABEL":"Transform Boundary"}},{"type":"Feature","geometry":{"type":"LineString","coordinates":[[-140.32,-57.05],[-139.54,-56.27],[-139.19,-55.72]]},"properties":{"LABEL":"Divergent Boundary"}},{"type":"Feature","geometry":{"type":"LineString","coordinates":[[-144.86,-55.78],[-140.32,-57.05]]},"properties":{"LABEL":"Transform Boundary"}},{"type":"Feature","geometry":{"type":"LineString","coordinates":[[-6.06,-56.67],[-6.13,-57.24]]},"properties":{"LABEL":"Divergent Boundary"}},{"type":"Feature","geometry":{"type":"LineString","coordinates":[[-6.13,-57.24],[-7.0,-57.32]]},"properties":{"LABEL":"Transform Boundary"}},{"type":"Feature","geometry":{"type":"LineString","coordinates":[[158.09,-55.53],[157.57,-56.44],[157.24,-57.48]]},"properties":{"LABEL":"Transform Boundary"}},{"type":"Feature","geometry":{"type":"LineString","coordinates":[[147.9,-57.57],[148.81,-57.44]]},"properties":{"LABEL":"Divergent Boundary"}},{"type":"Feature","geometry":{"type":"LineString","coordinates":[[146.88,-54.69],[147.9,-57.57]]},"properties":{"LABEL":"Transform Boundary"}},{"type":"Feature","geometry":{"type":"LineString","coordinates":[[-147.17,-57.64],[-144.86,-55.78]]},"properties":{"LABEL":"Divergent Boundary"}},{"type":"Feature","geometry":{"type":"LineString","coordinates":[[-147.69,-57.56],[-147.17,-57.64]]},"properties":{"LABEL":"Transform Boundary"}},{"type":"Feature","geometry":{"type":"LineString","coordinates":[[-7.0,-57.32],[-7.01,-57.87]]},"properties":{"LABEL":"Divergent Boundary"}},{"type":"Feature","geometry":{"type":"LineString","coordinates":[[-76.48,-52.07],[-76.31,-52.93],[-75.72,-53.94],[-73.0,-55.67],[-70.4,-56.62],[-68.1,-57.07],[-67.1,-57.5],[-64.62,-57.96]]},"properties":{"LABEL":"Convergent Boundary"}},{"type":"Feature","geometry":{"type":"LineString","coordinates":[[-7.01,-57.87],[-15.97,-58.44]]},"properties":{"LABEL":"Transform Boundary"}},{"type":"Feature","geometry":{"type":"LineString","coordinates":[[-15.97,-58.44],[-16.41,-59.1]]},"properties":{"LABEL":"Divergent Boundary"}},{"type":"Feature","geometry":{"type":"LineString","coordinates":[[-16.41,-59.1],[-18.06,-59.15]]},"properties":{"LABEL":"Transform Boundary"}},{"type":"Feature","geometry":{"type":"LineString","coordinates":[[-18.06,-59.15],[-18.12,-59.51]]},"properties":{"LABEL":"Divergent Boundary"}},{"type":"Feature","geometry":{"type":"LineString","coordinates":[[-18.12,-59.51],[-18.43,-59.54]]},"properties":{"LABEL":"Transform Boundary"}},{"type":"Feature","geometry":{"type":"LineString","coordinates":[[150.01,-59.57],[150.73,-59.47]]},"properties":{"LABEL":"Divergent Boundary"}},{"type":"Feature","geometry":{"type":"LineString","coordinates":[[148.81,-57.44],[150.01,-59.57]]},"properties":{"LABEL":"Transform Boundary"}},{"type":"Feature","geometry":{"type":"LineString","coordinates":[[-150.38,-59.72],[-148.28,-58.13],[-147.69,-57.56]]},"properties":{"LABEL":"Divergent Boundary"}},{"type":"Feature","geometry":{"type":"LineString","coordinates":[[-151.33,-59.47],[-150.38,-59.72]]},"properties":{"LABEL":"Transform Boundary"}},{"type":"Feature","geometry":{"type":"LineString","coordinates":[[-18.43,-59.54],[-18.65,-60.25]]},"properties":{"LABEL":"Divergent Boundary"}},{"type":"Feature","geometry":{"type":"LineString","coordinates":[[-18.65,-60.25],[-19.37,-60.29]]},"properties":{"LABEL":"Transform Boundary"}},{"type":"Feature","geometry":{"type":"LineString","coordinates":[[-26.07,-60.39],[-25.07,-59.97],[-23.99,-58.92],[-23.82,-58.19],[-24.23,-57.17],[-25.15,-56.29],[-26.41,-55.42],[-27.6,-55.1],[-28.65,-55.01]]},"properties":{"LABEL":"Convergent Boundary"}},{"type":"Feature","geometry":{"type":"LineString","coordinates":[[151.29,-60.41],[153.47,-59.95]]},"properties":{"LABEL":"Divergent Boundary"}},{"type":"Feature","geometry":{"type":"LineString","coordinates":[[150.73,-59.47],[151.29,-60.41]]},"properties":{"LABEL":"Transform Boundary"}},{"type":"Feature","geometry":{"type":"LineString","coordinates":[[-50.89,-60.09],[-46.96,-59.96],[-42.07,-60.5]]},"properties":{"LABEL":"Transform Boundary"}},{"type":"Feature","geometry":{"type":"LineString","coordinates":[[-32.37,-60.41],[-29.74,-60.58]]},"properties":{"LABEL":"Transform Boundary"}},{"type":"Feature","geometry":{"type":"LineString","coordinates":[[-27.7,-60.62],[-26.07,-60.39]]},"properties":{"LABEL":"Transform Boundary"}},{"type":"Feature","geometry":{"type":"LineString","coordinates":[[-29.74,-60.58],[-27.7,-60.62]]},"properties":{"LABEL":"Transform Boundary"}},{"type":"Feature","geometry":{"type":"LineString","coordinates":[[-33.45,-60.7],[-32.37,-60.41]]},"properties":{"LABEL":"Divergent Boundary"}},{"type":"Feature","geometry":{"type":"LineString","coordinates":[[-19.37,-60.29],[-19.58,-60.81]]},"properties":{"LABEL":"Divergent Boundary"}},{"type":"Feature","geometry":{"type":"LineString","coordinates":[[-19.58,-60.81],[-24.11,-60.69],[-26.07,-60.39]]},"properties":{"LABEL":"Transform Boundary"}},{"type":"Feature","geometry":{"type":"LineString","coordinates":[[-41.21,-60.97],[-39.83,-60.63]]},"properties":{"LABEL":"Divergent Boundary"}},{"type":"Feature","geometry":{"type":"LineString","coordinates":[[-42.07,-60.5],[-41.21,-60.97]]},"properties":{"LABEL":"Other"}},{"type":"Feature","geometry":{"type":"LineString","coordinates":[[-39.83,-60.63],[-39.09,-61.02]]},"properties":{"LABEL":"Other"}},{"type":"Feature","geometry":{"type":"LineString","coordinates":[[-53.12,-61.04],[-51.12,-60.57],[-50.89,-60.09]]},"properties":{"LABEL":"Divergent Boundary"}},{"type":"Feature","geometry":{"type":"LineString","coordinates":[[-36.42,-61.39],[-33.45,-60.7]]},"properties":{"LABEL":"Divergent Boundary"}},{"type":"Feature","geometry":{"type":"LineString","coordinates":[[-39.09,-61.02],[-36.42,-61.39]]},"properties":{"LABEL":"Transform Boundary"}},{"type":"Feature","geometry":{"type":"LineString","coordinates":[[157.26,-57.54],[157.32,-57.91],[158.18,-58.95],[159.8,-60.01],[161.23,-61.46]]},"properties":{"LABEL":"Other"}},{"type":"Feature","geometry":{"type":"LineString","coordinates":[[-54.3,-61.51],[-53.12,-61.04]]},"properties":{"LABEL":"Divergent Boundary"}},{"type":"Feature","geometry":{"type":"LineString","coordinates":[[-154.18,-61.84],[-151.33,-59.47]]},"properties":{"LABEL":"Divergent Boundary"}},{"type":"Feature","geometry":{"type":"LineString","coordinates":[[-154.32,-61.78],[-154.18,-61.84]]},"properties":{"LABEL":"Transform Boundary"}},{"type":"Feature","geometry":{"type":"LineString","coordinates":[[162.95,-62.76],[165.1,-62.08]]},"properties":{"LABEL":"Divergent Boundary"}},{"type":"Feature","geometry":{"type":"LineString","coordinates":[[161.23,-61.46],[162.93,-62.84]]},"properties":{"LABEL":"Transform Boundary"}},{"type":"Feature","geometry":{"type":"LineString","coordinates":[[156.46,-62.91],[161.23,-61.46]]},"properties":{"LABEL":"Divergent Boundary"}},{"type":"Feature","geometry":{"type":"LineString","coordinates":[[153.49,-59.99],[156.46,-62.91]]},"properties":{"LABEL":"Transform Boundary"}},{"type":"Feature","geometry":{"type":"LineString","coordinates":[[-160.43,-62.92],[-159.89,-62.6]]},"properties":{"LABEL":"Divergent Boundary"}},{"type":"Feature","geometry":{"type":"LineString","coordinates":[[-162.06,-62.39],[-160.43,-62.92]]},"properties":{"LABEL":"Transform Boundary"}},{"type":"Feature","geometry":{"type":"LineString","coordinates":[[167.55,-62.97],[169.24,-62.45]]},"properties":{"LABEL":"Divergent Boundary"}},{"type":"Feature","geometry":{"type":"LineString","coordinates":[[-158.7,-63.0],[-158.39,-62.79]]},"properties":{"LABEL":"Divergent Boundary"}},{"type":"Feature","geometry":{"type":"LineString","coordinates":[[-159.89,-62.6],[-158.7,-63.0]]},"properties":{"LABEL":"Transform Boundary"}},{"type":"Feature","geometry":{"type":"LineString","coordinates":[[166.86,-63.22],[167.55,-62.97]]},"properties":{"LABEL":"Divergent Boundary"}},{"type":"Feature","geometry":{"type":"LineString","coordinates":[[165.1,-62.08],[166.86,-63.22]]},"properties":{"LABEL":"Transform Boundary"}},{"type":"Feature","geometry":{"type":"LineString","coordinates":[[-63.29,-62.83],[-62.42,-63.0],[-61.75,-63.29],[-56.31,-62.06],[-55.44,-61.69],[-54.3,-61.51]]},"properties":{"LABEL":"Divergent Boundary"}},{"type":"Feature","geometry":{"type":"LineString","coordinates":[[-156.72,-63.32],[-154.32,-61.78]]},"properties":{"LABEL":"Divergent Boundary"}},{"type":"Feature","geometry":{"type":"LineString","coordinates":[[-158.39,-62.79],[-156.72,-63.32]]},"properties":{"LABEL":"Transform Boundary"}},{"type":"Feature","geometry":{"type":"LineString","coordinates":[[-163.92,-63.47],[-162.06,-62.39]]},"properties":{"LABEL":"Divergent Boundary"}},{"type":"Feature","geometry":{"type":"LineString","coordinates":[[-166.61,-62.49],[-163.92,-63.47]]},"properties":{"LABEL":"Transform Boundary"}},{"type":"Feature","geometry":{"type":"LineString","coordinates":[[173.63,-64.74],[175.58,-63.98]]},"properties":{"LABEL":"Divergent Boundary"}},{"type":"Feature","geometry":{"type":"LineString","coordinates":[[169.24,-62.45],[172.16,-64.1],[173.63,-64.74]]},"properties":{"LABEL":"Transform Boundary"}},{"type":"Feature","geometry":{"type":"LineString","coordinates":[[-170.04,-64.86],[-166.61,-62.49]]},"properties":{"LABEL":"Divergent Boundary"}},{"type":"Feature","geometry":{"type":"LineString","coordinates":[[-171.3,-64.36],[-170.04,-64.86]]},"properties":{"LABEL":"Transform Boundary"}},{"type":"Feature","geometry":{"type":"LineString","coordinates":[[175.58,-63.98],[180.0,-65.76]]},"properties":{"LABEL":"Transform Boundary"}},{"type":"Feature","geometry":{"type":"LineString","coordinates":[[-174.42,-65.83],[-171.3,-64.36]]},"properties":{"LABEL":"Divergent Boundary"}},{"type":"Feature","geometry":{"type":"LineString","coordinates":[[-175.73,-65.18],[-174.42,-65.83]]},"properties":{"LABEL":"Transform Boundary"}},{"type":"Feature","geometry":{"type":"LineString","coordinates":[[-178.79,-66.16],[-175.73,-65.18]]},"properties":{"LABEL":"Divergent Boundary"}},{"type":"Feature","geometry":{"type":"LineString","coordinates":[[-180.0,-65.63],[-178.79,-66.16]]},"properties":{"LABEL":"Transform Boundary"}},{"type":"Feature","geometry":{"type":"LineString","coordinates":[[132.37,-3.53],[131.11,-2.65],[130.15,-2.3],[128.43,-2.07]]},"properties":{"LABEL":"Convergent Boundary"}},{"type":"Feature","geometry":{"type":"LineString","coordinates":[[156.45,-8.95],[156.42,-8.12]]},"properties":{"LABEL":"Transform Boundary"}},{"type":"Feature","geometry":{"type":"LineString","coordinates":[[144.23,-3.59],[146.82,-3.48],[147.9,-3.02],[149.9,-3.7],[150.57,-3.1],[151.73,-3.78]]},"properties":{"LABEL":"Other"}},{"type":"Feature","geometry":{"type":"LineString","coordinates":[[29.73,35.43],[30.6,35.05]]},"properties":{"LABEL":"Divergent Boundary"}},{"type":"Feature","geometry":{"type":"LineString","coordinates":[[57.83,24.44],[61.96,24.09],[62.58,24.28],[65.03,24.38]]},"properties":{"LABEL":"Convergent Boundary"}},{"type":"Feature","geometry":{"type":"LineString","coordinates":[[120.42,21.55],[120.28,20.81],[120.31,19.74],[120.0,18.92],[119.4,18.02],[119.27,16.64]]},"properties":{"LABEL":"Convergent Boundary"}},{"type":"Feature","geometry":{"type":"LineString","coordinates":[[123.91,23.29],[122.12,23.12]]},"properties":{"LABEL":"Transform Boundary"}},{"type":"Feature","geometry":{"type":"LineString","coordinates":[[124.87,14.76],[123.87,15.54],[122.61,15.77]]},"properties":{"LABEL":"Transform Boundary"}},{"type":"Feature","geometry":{"type":"LineString","coordinates":[[122.6,15.86],[122.88,16.44],[122.88,16.96]]},"properties":{"LABEL":"Convergent Boundary"}},{"type":"Feature","geometry":{"type":"LineString","coordinates":[[-86.97,16.48],[-89.06,15.22],[-89.69,14.96],[-90.44,14.87]]},"properties":{"LABEL":"Transform Boundary"}},{"type":"Feature","geometry":{"type":"LineString","coordinates":[[-82.87,7.37],[-82.66,7.31]]},"properties":{"LABEL":"Convergent Boundary"}},{"type":"Feature","geometry":{"type":"LineString","coordinates":[[141.24,66.98],[143.73,66.32],[144.93,65.29],[146.96,61.88],[142.19,59.95],[141.45,56.19],[142.41,54.03],[142.85,53.38],[142.4,50.86],[142.88,48.7],[141.18,47.39],[139.37,46.22],[139.16,45.95],[138.85,44.81],[138.58,44.29],[138.81,42.77],[138.82,41.99],[138.49,41.48],[138.48,41.1],[138.76,40.78],[138.65,40.07],[137.85,39.4],[137.77,38.98],[137.89,36.31],[138.67,35.03]]},"properties":{"LABEL":"Other"}},{"type":"Feature","geometry":{"type":"LineString","coordinates":[[115.93,-7.93],[116.69,-8.04],[119.8,-7.99],[122.49,-8.11],[127.36,-7.5],[129.75,-6.89],[131.2,-6.81],[132.65,-6.92]]},"properties":{"LABEL":"Other"}},{"type":"Feature","geometry":{"type":"LineString","coordinates":[[137.24,-1.46],[135.66,-3.63],[135.0,-3.87],[134.68,-4.13],[131.7,-5.07],[130.66,-5.77],[129.65,-6.82]]},"properties":{"LABEL":"Other"}},{"type":"Feature","geometry":{"type":"LineString","coordinates":[[-1.32,35.38],[4.93,35.42],[6.63,35.74],[12.47,37.67]]},"properties":{"LABEL":"Convergent Boundary"}},{"type":"Feature","geometry":{"type":"LineString","coordinates":[[94.03,20.99],[94.06,21.53],[93.89,21.88],[93.9,23.03],[94.05,23.53]]},"properties":{"LABEL":"Other"}},{"type":"Feature","geometry":{"type":"LineString","coordinates":[[94.05,23.53],[94.49,24.66],[95.64,26.12]]},"properties":{"LABEL":"Transform Boundary"}},{"type":"Feature","geometry":{"type":"LineString","coordinates":[[72.02,32.41],[73.24,32.73]]},"properties":{"LABEL":"Convergent Boundary"}},{"type":"Feature","geometry":{"type":"LineString","coordinates":[[73.24,32.73],[73.8,33.15],[74.26,32.91],[74.75,32.99]]},"properties":{"LABEL":"Transform Boundary"}},{"type":"Feature","geometry":{"type":"LineString","coordinates":[[74.75,32.99],[74.92,32.68],[75.65,32.34],[76.04,31.5],[76.45,31.01],[77.15,30.6],[77.21,30.46],[78.53,29.78]]},"properties":{"LABEL":"Convergent Boundary"}},{"type":"Feature","geometry":{"type":"LineString","coordinates":[[78.53,29.78],[78.55,29.62],[79.75,29.1],[80.14,29.11],[81.0,28.79],[81.57,28.32],[82.38,27.9],[83.7,27.62],[84.25,27.36],[84.71,27.34]]},"properties":{"LABEL":"Convergent Boundary"}},{"type":"Feature","geometry":{"type":"LineString","coordinates":[[84.71,27.34],[87.8,26.69],[88.96,26.92],[89.2,26.74],[89.76,26.69],[90.4,26.9],[91.58,26.78],[93.66,27.01],[94.23,27.51],[95.28,27.96]]},"properties":{"LABEL":"Convergent Boundary"}},{"type":"Feature","geometry":{"type":"LineString","coordinates":[[95.28,27.96],[95.39,28.15],[95.72,28.28],[95.85,28.06],[96.17,27.99],[96.27,27.65],[96.2,27.5],[94.9,26.95],[94.58,26.7]]},"properties":{"LABEL":"Convergent Boundary"}},{"type":"Feature","geometry":{"type":"LineString","coordinates":[[94.58,26.7],[94.17,26.52],[93.96,25.95]]},"properties":{"LABEL":"Convergent Boundary"}},{"type":"Feature","geometry":{"type":"LineString","coordinates":[[12.59,37.45],[12.71,37.59],[12.96,37.58],[13.36,37.12],[13.85,36.98],[14.66,37.4],[15.08,37.48]]},"properties":{"LABEL":"Convergent Boundary"}},{"type":"Feature","geometry":{"type":"LineString","coordinates":[[32.79,34.33],[33.52,34.27],[35.19,34.71],[35.47,35.08],[35.73,35.79],[35.76,36.26]]},"properties":{"LABEL":"Transform Boundary"}},{"type":"Feature","geometry":{"type":"LineString","coordinates":[[119.25,16.56],[119.15,14.04],[119.43,13.52],[119.84,13.19]]},"properties":{"LABEL":"Convergent Boundary"}},{"type":"Feature","geometry":{"type":"LineString","coordinates":[[129.22,1.4],[129.22,2.67],[128.15,4.76],[127.5,5.47],[127.25,6.45],[127.22,8.14],[126.71,10.03],[126.28,11.06],[126.02,12.25],[124.89,14.7]]},"properties":{"LABEL":"Convergent Boundary"}},{"type":"Feature","geometry":{"type":"LineString","coordinates":[[92.63,19.53],[93.04,18.76],[93.33,18.52],[93.91,17.26],[93.91,16.71],[93.49,15.61],[92.06,13.7],[91.7,12.28],[91.59,11.3],[91.53,9.06],[91.9,7.66],[92.25,6.96],[92.74,5.03],[93.75,3.05],[94.4,2.46],[96.09,1.49],[96.67,0.76],[98.3,-2.02],[101.35,-5.98],[102.53,-7.14],[104.53,-8.05],[105.96,-9.09],[107.82,-9.94],[110.18,-10.26],[114.41,-11.09],[117.55,-11.45],[120.23,-11.47]]},"properties":{"LABEL":"Convergent Boundary"}},{"type":"Feature","geometry":{"type":"LineString","coordinates":[[-127.58,40.45],[-124.78,40.38]]},"properties":{"LABEL":"Transform Boundary"}},{"type":"Feature","geometry":{"type":"LineString","coordinates":[[-124.78,40.38],[-124.06,40.05],[-123.84,39.17],[-122.28,37.44],[-121.29,36.68],[-119.41,34.94]]},"properties":{"LABEL":"Transform Boundary"}},{"type":"Feature","geometry":{"type":"LineString","coordinates":[[-119.41,34.94],[-116.48,33.92]]},"properties":{"LABEL":"Transform Boundary"}},{"type":"Feature","geometry":{"type":"LineString","coordinates":[[-116.48,33.92],[-115.71,33.35]]},"properties":{"LABEL":"Transform Boundary"}},{"type":"Feature","geometry":{"type":"LineString","coordinates":[[-115.56,32.91],[-115.08,32.24],[-114.12,31.36]]},"properties":{"LABEL":"Transform Boundary"}},{"type":"Feature","geometry":{"type":"LineString","coordinates":[[49.2,33.38],[52.39,31.0],[54.0,30.13],[54.47,29.16],[55.8,28.35],[56.13,28.36],[56.79,28.11],[57.08,27.24],[56.99,26.55]]},"properties":{"LABEL":"Convergent Boundary"}},{"type":"Feature","geometry":{"type":"LineString","coordinates":[[49.2,33.38],[48.06,34.35],[45.15,35.71],[44.62,36.14],[44.36,36.57]]},"properties":{"LABEL":"Transform Boundary"}},{"type":"Feature","geometry":{"type":"LineString","coordinates":[[-133.43,53.92],[-132.71,53.13]]},"properties":{"LABEL":"Other"}},{"type":"Feature","geometry":{"type":"LineString","coordinates":[[94.03,20.99],[95.02,18.53],[94.95,17.59],[94.79,17.12],[94.52,16.8]]},"properties":{"LABEL":"Transform Boundary"}},{"type":"Feature","geometry":{"type":"LineString","coordinates":[[162.53,-11.33],[164.58,-10.9]]},"properties":{"LABEL":"Transform Boundary"}},{"type":"Feature","geometry":{"type":"LineString","coordinates":[[-3.01,37.81],[-4.25,37.65],[-5.3,37.21],[-6.42,36.7],[-6.88,36.37],[-7.0,36.06],[-7.1,35.73],[-6.95,35.44],[-6.37,34.91],[-5.28,34.52],[-4.14,34.3]]},"properties":{"LABEL":"Convergent Boundary"}},{"type":"Feature","geometry":{"type":"LineString","coordinates":[[-1.32,35.38],[4.93,35.42],[6.63,35.74],[12.47,37.67]]},"properties":{"LABEL":"Convergent Boundary"}},{"type":"Feature","geometry":{"type":"LineString","coordinates":[[15.34,37.1],[15.72,36.5],[16.35,36.23],[17.22,36.21],[17.97,36.4],[18.48,36.89],[18.68,37.46],[18.62,38.23],[18.39,38.77],[16.87,40.33]]},"properties":{"LABEL":"Convergent Boundary"}},{"type":"Feature","geometry":{"type":"LineString","coordinates":[[16.74,40.46],[14.1,42.68],[13.63,43.58],[13.21,43.85],[11.43,44.71],[10.18,45.07],[9.17,45.27],[8.19,45.2]]},"properties":{"LABEL":"Convergent Boundary"}},{"type":"Feature","geometry":{"type":"LineString","coordinates":[[41.0,39.08],[39.89,39.7],[37.06,40.6],[34.83,41.12],[34.29,41.16],[31.12,40.62],[30.01,40.77],[27.99,40.62]]},"properties":{"LABEL":"Transform Boundary"}},{"type":"Feature","geometry":{"type":"LineString","coordinates":[[152.69,-10.39],[154.21,-10.31]]},"properties":{"LABEL":"Divergent Boundary"}},{"type":"Feature","geometry":{"type":"LineString","coordinates":[[154.21,-10.31],[154.23,-9.9]]},"properties":{"LABEL":"Transform Boundary"}},{"type":"Feature","geometry":{"type":"LineString","coordinates":[[154.23,-9.9],[155.17,-9.72]]},"properties":{"LABEL":"Divergent Boundary"}},{"type":"Feature","geometry":{"type":"LineString","coordinates":[[155.17,-9.72],[155.16,-9.32]]},"properties":{"LABEL":"Transform Boundary"}},{"type":"Feature","geometry":{"type":"LineString","coordinates":[[155.16,-9.32],[156.1,-9.18]]},"properties":{"LABEL":"Divergent Boundary"}},{"type":"Feature","geometry":{"type":"LineString","coordinates":[[156.1,-9.18],[156.12,-9.01]]},"properties":{"LABEL":"Transform Boundary"}},{"type":"Feature","geometry":{"type":"LineString","coordinates":[[156.12,-9.01],[156.45,-8.95]]},"properties":{"LABEL":"Divergent Boundary"}},{"type":"Feature","geometry":{"type":"LineString","coordinates":[[26.17,34.0],[28.78,35.31],[29.73,35.43]]},"properties":{"LABEL":"Transform Boundary"}},{"type":"Feature","geometry":{"type":"LineString","coordinates":[[35.76,36.26],[36.79,37.4]]},"properties":{"LABEL":"Other"}},{"type":"Feature","geometry":{"type":"LineString","coordinates":[[71.53,33.19],[71.43,33.61],[70.8,33.49],[69.85,33.97],[69.73,34.12],[69.66,34.85],[69.26,35.13]]},"properties":{"LABEL":"Other"}},{"type":"Feature","geometry":{"type":"LineString","coordinates":[[66.23,25.56],[66.29,27.6]]},"properties":{"LABEL":"Transform Boundary"}},{"type":"Feature","geometry":{"type":"LineString","coordinates":[[71.53,33.19],[71.64,32.72],[72.02,32.41]]},"properties":{"LABEL":"Convergent Boundary"}},{"type":"Feature","geometry":{"type":"LineString","coordinates":[[69.26,35.13],[68.09,33.02],[66.87,31.69],[66.14,30.24],[65.67,28.19],[65.89,27.72],[66.29,27.6],[66.23,25.56]]},"properties":{"LABEL":"Transform Boundary"}}],"attribution":"USGS Tectonic Plate Boundaries; Bird 2003 / DeMets 2010","source":"https://earthquake.usgs.gov/arcgis/rest/services/eq/map_plateboundaries/MapServer/1/query","retrieved_at":"2026-10-02"}